,,,,,,,,,,,,,,,,,,,,,,,,,,,,,,,,
,,,,,,,,,,,,,,,,,,,,,,,,,,,,,,,,
,,,,,,,,,,,,,,,,,,,,,,,,,,,,,,,,
,,"VIRID. FOREST
LASS 
ANNE",,Stufful,,,,,Clefairy,,,,,Audino,,,,,,,,,,,,,,,,,,
,,,,Highest Lv -3,,,,,Highest Lv -5,,,,,Highest Lv -3,,,,,,,,,,,,,,,,,,
,,,,,,,,,,,,,,,,,,,,,,,,,,,,,,,,
,,,,,,,,,,,,,,,,,,,,,,,,,,,,,,,,
,,,,Bashful,,,,,Bashful,,,,,Bashful,,,,,,,,,,,,,,,,,,
,,,,Fluffy,,,,,Magic Guard,,,,,Regenerator,,,,,,,,,,,,,,,,,,
,,,,Oran Berry,,,,,Life Orb,,,,,No Item,,,X,,,,,,,,,,,,,,,
,,,,Low Sweep,,,,,Metronome,,,,,Swagger,,,,,,,,,,,,,,,,,,
,,,,Tackle,,,,,-,,,,,Protect,,,,,,,,,,,,,,,,,,
,,,,Aerial Ace,,,,,-,,,,,Wish,,,,,,,,,,,,,,,,,,
,,,,-,,,,,-,,,,,Yawn,,,,,,,,,,,,,,,,,,
,,,,,,,,,,,,,,,,,,,,,,,,,,,,,,,,
,,,,BASE STATS,,,EVs,,BASE STATS,,,EVs,,BASE STATS,,,EVs,,,,,,,,,,,,,,,
,,,,HP,70,,,,HP,70,,,,HP,103,,,,,,,,,,,,,,,,,
,,,,ATK,75,,,,ATK,45,,,,ATK,60,,,,,,,,,,,,,,,,,
,,,,DEF,50,,,,DEF,48,,,,DEF,86,,,,,,,,,,,,,,,,,
,,,,SPA,45,,,,SPA,60,,,,SPA,60,,,,,,,,,,,,,,,,,
,,,,SPD,50,,,,SPD,65,,,,SPD,86,,,,,,,,,,,,,,,,,
,,IF YOU'RE,,SPE,50,,,,SPE,35,,,,SPE,50,,,,,,,,,,,,,,,,,
,,LEVEL 15 ->>,,SPEED STAT:,,,20,,SPEED STAT:,,,15,,SPEED STAT:,,,20,,,,,,,,,,,,,,,
,,,,,,,,,,,,,,,,,,,,,,,,,,,,,,,,
,,,,,,,,,,,,,,,,,,,,,,,,,,,,,,,,
,,,,,,,,,,,,,,,,,,,,,,,,,,,,,,,,
,,"VIRID. FOREST
ACE TRAINER
NELLE",,Charcadet,,,,,Gulpin,,,,,,,,,,,,,,,,,,,,,,,
,,,,Highest Lv -3,,,,,Highest Lv -3,,,,,,,,,,,,,,,,,,,,,,,
,,,,,,,,,,,,,,,,,,,,,,,,,,,,,,,,
,,,,,,,,,,,,,,,,,,,,,,,,,,,,,,,,
,,,,Bashful,,,,,Bashful,,,,,,,,,,,,,,,,,,,,,,,
,,,,Flame Body,,,,,Gluttony,,,,,,,,,,,,,,,,,,,,,,,
,,,,Berry Juice,,,,,Iapapa Berry,,,,,,,,,,,,,,,,,,,,,,,
,,,,Fire Spin,,,,,Belch,,,,,,,,,,,,,,,,,,,,,,,
,,,,Night Shade,,,,,Sludge,,,,,,,,,,,,,,,,,,,,,,,
,,,,Will-O-Wisp,,,,,Bullet Seed,,,,,,,,,,,,,,,,,,,,,,,
,,,,Clear Smog,,,,,Sleep Talk,,,,,,,,,,,,,,,,,,,,,,,
,,,,,,,,,,,,,,,,,,,,,,,,,,,,,,,,
,,,,BASE STATS,,,EVs,,BASE STATS,,,EVs,,,,,,,,,,,,,,,,,,,,
,,,,HP,40,,,,HP,70,,,,,,,,,,,,,,,,,,,,,,
,,,,ATK,50,,,,ATK,43,,,,,,,,,,,,,,,,,,,,,,
,,,,DEF,40,,,,DEF,53,,,,,,,,,,,,,,,,,,,,,,
,,,,SPA,50,,,,SPA,43,,,,,,,,,,,,,,,,,,,,,,
,,,,SPD,40,,,,SPD,53,,,,,,,,,,,,,,,,,,,,,,
,,IF YOU'RE,,SPE,35,,,,SPE,40,,,,,,,,,,,,,,,,,,,,,,
,,LEVEL 15 ->>,,SPEED STAT:,,,17,,SPEED STAT:,,,18,,,,,,,,,,,,,,,,,,,,
,,,,,,,,,,,,,,,,,,,,,,,,,,,,,,,,
,,,,,,,,,,,,,,,,,,,,,,,,,,,,,,,,
,,,,BATTLE EFFECT: DOUBLES,,,,,,,,,,,,,,,,,,,,,,,,,,,,
,,,,,,,,,,,,,,,,,,,,,,,,,,,,,,,,
,,"MT. MOON
SUPER NERD
MIGUEL",,Thwackey,,,,,Voltorb-H,,,,,Bibarel,,,,,Sableye,,,,,,,,,,,,,
,,,,Highest Lv -5,,,,,Highest Lv -5,,,,,Highest Lv -5,,,,,Highest Lv -5,,,,,,,,,,,,,
,,,,,,,,,,,,,,,,,,,,,,,,,,,,,,,,
,,,,,,,,,,,,,,,,,,,,,,,,,,,,,,,,
,,,,Adamant,,,,,Naive,,,,,Careful,,,,,Careful,,,,,,,,,,,,,
,,,,Grassy Surge,,,,,Reckless,,,,,Simple,,,,,Prankster,,,,,,,,,,,,,
,,,,Eviolite,,,,,Focus Sash,,,,,Grassy Seed,,,,,Sitrus Berry,,,,,,,,,,,,,
,,,,Fake Out,,,,,Magical Leaf,,,,,Quick Attack,,,,,Will-O-Wisp,,,,,,,,,,,,,
,,,,Razor Leaf,,,,,Self-Destruct,,,,,Aqua Jet,,,,,Recover,,,,,,,,,,,,,
,,,,Knock Off,,,,,Shock Wave,,,,,Curse,,,,,Protect,,,,,,,,,,,,,
,,,,U-Turn,,,,,HP Ice,,,,,Rock Smash,,,,,Foul Play,,,,,,,,,,,,,
,,,,,,,,,,,,,,,,,,,,,,,,,,,,,,,,
,,,,BASE STATS,,,EVs,,BASE STATS,,,EVs,,BASE STATS,,,EVs,,BASE STATS,,,EVs,,,,,,,,,,
,,,,HP,70,,,,HP,40,,,,HP,79,,,,HP,50,,,,,,,,,,,,
,,,,ATK,85,,,,ATK,30,,,,ATK,85,,,,ATK,75,,,,,,,,,,,,
,,,,DEF,70,,,,DEF,50,,,,DEF,80,,,,DEF,75,,,,,,,,,,,,
,,,,SPA,55,,,,SPA,55,,,,SPA,55,,,,SPA,65,,,,,,,,,,,,
,,,,SPD,60,,,,SPD,55,,,,SPD,80,,,,SPD,65,,,,,,,,,,,,
,,IF YOU'RE,,SPE,80,,,,SPE,100,,,,SPE,50,,,,SPE,50,,,,,,,,,,,,
,,LEVEL 22 ->>,,SPEED STAT:,,,37,,SPEED STAT:,,,48,,SPEED STAT:,,,27,,SPEED STAT:,,,27,,,,,,,,,,
,,,,,,,,,,,,,,,,,,,,,,,,,,,,,,,,
,,,,,,,,,,,,,,,,,,,,,,,,,,,,,,,,
,,,,BATTLE EFFECT: DOUBLES,,,,,,,,,,,,,,,,,,,,,,,,,,,,
,,,,,,,,,,,,,,,,,,,,,,,,,,,,,,,,
,,"NUGG. BRIDGE
BUG CATCHER
CALE",,Vivillon,,,,,Butterfree,,,,,Wormadam-Sa,,,,,,,,,,,,,,,,,,
,,,,Highest Lv -5,,,,,Highest Lv -4,,,,,Highest Lv -4,,,,,,,,,,,,,,,,,,
,,,,,,,,,,,,,,,,,,,,,,,,,,,,,,,,
,,,,,,,,,,,,,,,,,,,,,,,,,,,,,,,,
,,,,Bashful,,,,,Timid,,,,,Careful,,,,,,,,,,,,,,,,,,
,,,,Friend Guard,,,,,Compound Eyes,,,,,Overcoat,,,,,,,,,,,,,,,,,,
,,,,Charti Berry,,,,,Sitrus Berry,,,,,Rocky Helmet,,,,,,,,,,,,,,,,,,
,,,,Struggle Bug,,,,,Sleep Powder,,,,,Bulldoze,,,,,,,,,,,,,,,,,,
,,,,Electroweb,,,,,Ominous Wind,,,,,Bug Bite,,,,,,,,,,,,,,,,,,
,,,,Air Cutter,,,,,Air Cutter,,,,,Rock Tomb,,,,,,,,,,,,,,,,,,
,,,,Draining Kiss,,,,,Mega Drain,,,,,Sucker Punch,,,,,,,,,,,,,,,,,,
,,,,,,,,,,,,,,,,,,,,,,,,,,,,,,,,
,,,,BASE STATS,,,EVs,,BASE STATS,,,EVs,,BASE STATS,,,EVs,,,,,,,,,,,,,,,
,,,,HP,80,,,,HP,60,,,,HP,60,,,,,,,,,,,,,,,,,
,,,,ATK,52,,,,ATK,60,,,,ATK,59,,,,,,,,,,,,,,,,,
,,,,DEF,50,,,,DEF,45,,,,DEF,105,,,,,,,,,,,,,,,,,
,,,,SPA,90,,,,SPA,50,,,,SPA,79,,,,,,,,,,,,,,,,,
,,,,SPD,50,,,,SPD,95,,,,SPD,85,,,,,,,,,,,,,,,,,
,,IF YOU'RE,,SPE,89,,,,SPE,80,,,,SPE,36,,,,,,,,,,,,,,,,,
,,LEVEL 27 ->>,,SPEED STAT:,,,50,,SPEED STAT:,,,48,,SPEED STAT:,,,28,,,,,,,,,,,,,,,
,,,,,,,,,,,,,,,,,,,,,,,,,,,,,,,,
,,,,,,,,,,,,,,,,,,,,,,,,,,,,,,,,
,,,,BATTLE EFFECT: DOUBLES,,,,,,,,,,,,,,,,,,,,,,,,,,,,
,,,,,,,,,,,,,,,,,,,,,,,,,,,,,,,,
,,"NUGG. BRIDGE
LASS
ALI",,Jigglypuff,,,,,Amaura,,,,,Brionne,,,,,,,,,,,,,,,,,,
,,,,Highest Lv -3,,,,,Highest Lv -4,,,,,Highest Lv -4,,,,,,,,,,,,,,,,,,
,,,,,,,,,,,,,,,,,,,,,,,,,,,,,,,,
,,,,,,,,,,,,,,,,,,,,,,,,,,,,,,,,
,,,,Bold,,,,,Modest,,,,,Bashful,,,,,,,,,,,,,,,,,,
,,,,Friend Guard,,,,,Refrigerate,,,,,Liquid Voice,,,,,,,,,,,,,,,,,,
,,,,Eviolite,,,,,Chople Berry,,,,,Sitrus Berry,,,,,,,,,,,,,,,,,,
,,,,Round,,,,,Round,,,,,Round,,,,,,,,,,,,,,,,,,
,,,,Draining Kiss,,,,,Ancient Power,,,,,Draining Kiss,,,,,,,,,,,,,,,,,,
,,,,Incinerate,,,,,Water Pulse,,,,,Icy Wind,,,,,,,,,,,,,,,,,,
,,,,Icy Wind,,,,,Mud Shot,,,,,Aqua Jet,,,,,,,,,,,,,,,,,,
,,,,,,,,,,,,,,,,,,,,,,,,,,,,,,,,
,,,,BASE STATS,,,EVs,,BASE STATS,,,EVs,,BASE STATS,,,EVs,,,,,,,,,,,,,,,
,,,,HP,115,,,,HP,77,,,,HP,60,,,,,,,,,,,,,,,,,
,,,,ATK,45,,,,ATK,59,,,,ATK,69,,,,,,,,,,,,,,,,,
,,,,DEF,20,,,,DEF,50,,,,DEF,69,,,,,,,,,,,,,,,,,
,,,,SPA,45,,,,SPA,67,,,,SPA,91,,,,,,,,,,,,,,,,,
,,,,SPD,25,,,,SPD,63,,,,SPD,81,,,,,,,,,,,,,,,,,
,,IF YOU'RE,,SPE,20,,,,SPE,46,,,,SPE,50,,,,,,,,,,,,,,,,,
,,LEVEL 27 ->>,,SPEED STAT:,,,22,,SPEED STAT:,,,33,,SPEED STAT:,,,35,,,,,,,,,,,,,,,
,,,,,,,,,,,,,,,,,,,,,,,,,,,,,,,,
,,,,,,,,,,,,,,,,,,,,,,,,,,,,,,,,
,,,,BATTLE EFFECT: DOUBLES,,,,,,,,,,,,,,,,,,,,,,,,,,,,
,,,,,,,,,,,,,,,,,,,,,,,,,,,,,,,,
,,"NUGG. BRIDGE
YOUNGSTER
TIMMY",,Plusle,,,,,Electrike,,,,,Snover,,,,,,,,,,,,,,,,,,
,,,,Highest Lv -4,,,,,Highest Lv -4,,,,,Highest Lv -4,,,,,,,,,,,,,,,,,,
,,,,,,,,,,,,,,,,,,,,,,,,,,,,,,,,
,,,,,,,,,,,,,,,,,,,,,,,,,,,,,,,,
,,,,Timid,,,,,Timid,,,,,Bashful,,,,,,,,,,,,,,,,,,
,,,,Plus,,,,,Minus,,,,,Ice Body,,,,,,,,,,,,,,,,,,
,,,,Shuca Berry,,,,,Magnet,,,,,Occa Berry,,,,,,,,,,,,,,,,,,
,,,,Grass Knot,,,,,Shock Wave,,,,,Ice Shard,,,,,,,,,,,,,,,,,,
,,,,Electroweb,,,,,Round,,,,,Mega Drain,,,,,,,,,,,,,,,,,,
,,,,Signal Beam,,,,,Flame Burst,,,,,Icy Wind,,,,,,,,,,,,,,,,,,
,,,,Charge Beam,,,,,Signal Beam,,,,,Water Pulse,,,,,,,,,,,,,,,,,,
,,,,,,,,,,,,,,,,,,,,,,,,,,,,,,,,
,,,,BASE STATS,,,EVs,,BASE STATS,,,EVs,,BASE STATS,,,EVs,,,,,,,,,,,,,,,
,,,,HP,60,,,,HP,40,,,,HP,60,,,,,,,,,,,,,,,,,
,,,,ATK,50,,,,ATK,45,,,,ATK,62,,,,,,,,,,,,,,,,,
,,,,DEF,40,,,,DEF,40,,,,DEF,50,,,,,,,,,,,,,,,,,
,,,,SPA,85,,,,SPA,65,,,,SPA,62,,,,,,,,,,,,,,,,,
,,,,SPD,75,,,,SPD,40,,,,SPD,60,,,,,,,,,,,,,,,,,
,,IF YOU'RE,,SPE,110,,,,SPE,65,,,,SPE,40,,,,,,,,,,,,,,,,,
,,LEVEL 27 ->>,,SPEED STAT:,,,68,,SPEED STAT:,,,46,,SPEED STAT:,,,30,,,,,,,,,,,,,,,
,,,,,,,,,,,,,,,,,,,,,,,,,,,,,,,,
,,,,,,,,,,,,,,,,,,,,,,,,,,,,,,,,
,,,,,,,,,,,,,,,,,,,,,,,,,,,,,,,,
,,"NUGG. BRIDGE
LASS
RELI",,Greedent,,,,,Togetic,,,,,Clamperl,,,,,,,,,,,,,,,,,,
,,,,Highest Lv -4,,,,,Highest Lv -5,,,,,Highest Lv -4,,,,,,,,,,,,,,,,,,
,,,,,,,,,,,,,,,,,,,,,,,,,,,,,,,,
,,,,,,,,,,,,,,,,,,,,,,,,,,,,,,,,
,,,,Bashful,,,,,Bashful,,,,,Modest,,,,,,,,,,,,,,,,,,
,,,,Cheek Pouch,,,,,Serene Grace,,,,,Shell Armor,,,,,,,,,,,,,,,,,,
,,,,Sitrus Berry,,,,,Sitrus Berry,,,,,Deep Sea Tooth,,,,,,,,,,,,,,,,,,
,,,,Stom. Tantrum,,,,,Air Slash,,,,,Water Pulse,,,,,,,,,,,,,,,,,,
,,,,Facade,,,,,Thunder Wave,,,,,Icy Wind,,,,,,,,,,,,,,,,,,
,,,,Seed Bomb,,,,,Draining Kiss,,,,,Rest,,,,,,,,,,,,,,,,,,
,,,,Thunder Fang,,,,,Magical Leaf,,,,,Sleep Talk,,,,,,,,,,,,,,,,,,
,,,,,,,,,,,,,,,,,,,,,,,,,,,,,,,,
,,,,BASE STATS,,,EVs,,BASE STATS,,,EVs,,BASE STATS,,,EVs,,,,,,,,,,,,,,,
,,,,HP,120,,,,HP,55,,,,HP,35,,,,,,,,,,,,,,,,,
,,,,ATK,95,,,,ATK,40,,,,ATK,64,,,,,,,,,,,,,,,,,
,,,,DEF,95,,,,DEF,85,,,,DEF,85,,,,,,,,,,,,,,,,,
,,,,SPA,55,,,,SPA,80,,,,SPA,74,,,,,,,,,,,,,,,,,
,,,,SPD,75,,,,SPD,105,,,,SPD,55,,,,,,,,,,,,,,,,,
,,IF YOU'RE,,SPE,20,,,,SPE,40,,,,SPE,32,,,,,,,,,,,,,,,,,
,,LEVEL 27 ->>,,SPEED STAT:,,,21,,SPEED STAT:,,,29,,SPEED STAT:,,,26,,,,,,,,,,,,,,,
,,,,,,,,,,,,,,,,,,,,,,,,,,,,,,,,
,,,,,,,,,,,,,,,,,,,,,,,,,,,,,,,,
,,,,,,,,,,,,,,,,,,,,,,,,,,,,,,,,
,,"NUGG. BRIDGE
CAMPER
ETHAN",,Mabosstiff,,,,,Salandit,,,,,Misdreavus,,,,,,,,,,,,,,,,,,
,,,,Highest Lv -3,,,,,Highest Lv -2,,,,,Highest Lv -3,,,,,,,,,,,,,,,,,,
,,,,,,,,,,,,,,,,,,,,,,,,,,,,,,,,
,,,,,,,,,,,,,,,,,,,,,,,,,,,,,,,,
,,,,Adamant,,,,,Timid,,,,,Bold,,,,,,,,,,,,,,,,,,
,,,,Intimidate,,,,,Corrosion,,,,,Levitate,,,,,,,,,,,,,,,,,,
,,,,Black Glasses,,,,,Black Sludge,,,,,Eviolite,,,,,,,,,,,,,,,,,,
,,,,Trailblaze,,,,,Toxic,,,,,Hex,,,,,,,,,,,,,,,,,,
,,,,Bite,,,,,Substitute,,,,,Will-O-Wisp,,,,,,,,,,,,,,,,,,
,,,,Fire Fang,,,,,Protect,,,,,Icy Wind,,,,,,,,,,,,,,,,,,
,,,,Ice Fang,,,,,Incinerate,,,,,Shock Wave,,,,,,,,,,,,,,,,,,
,,,,,,,,,,,,,,,,,,,,,,,,,,,,,,,,
,,,,BASE STATS,,,EVs,,BASE STATS,,,EVs,,BASE STATS,,,EVs,,,,,,,,,,,,,,,
,,,,HP,80,,,,HP,48,,,,HP,60,,,,,,,,,,,,,,,,,
,,,,ATK,120,,,,ATK,44,,,,ATK,60,,,,,,,,,,,,,,,,,
,,,,DEF,90,,,,DEF,40,,,,DEF,60,,,,,,,,,,,,,,,,,
,,,,SPA,60,,,,SPA,71,,,,SPA,85,,,,,,,,,,,,,,,,,
,,,,SPD,70,,,,SPD,40,,,,SPD,85,,,,,,,,,,,,,,,,,
,,IF YOU'RE,,SPE,85,,,,SPE,77,,,,SPE,85,,,,,,,,,,,,,,,,,
,,LEVEL 27 ->>,,SPEED STAT:,,,53,,SPEED STAT:,,,56,,SPEED STAT:,,,53,,,,,,,,,,,,,,,
,,,,,,,,,,,,,,,,,,,,,,,,,,,,,,,,
,,,,,,,,,,,,,,,,,,,,,,,,,,,,,,,,
,,,,BATTLE EFFECT: DOUBLES,,,,,,,,,,,,,,,,,,,,,,,,,,,,
,,,,,,,,,,,,,,,,,,,,,,,,,,,,,,,,
,,"S.S. ANNE
LASS
ANN
&
GENTLEMAN
BROOKS",,Dewott,,,,,Simisear,,,,,Dartrix,,,,,Simisage,,,,,Wigglytuff,,,,,,,,
,,,,Highest Lv -2,,,,,Highest Lv -2,,,,,Highest Lv -4,,,,,Highest Lv -4,,,,,Highest Lv -4,,,,,,,,
,,,,,,,,,,,,,,,,,,,,,,,,,,,,,,,,
,,,,,,,,,,,,,,,,,,,,,,,,,,,,,,,,
,,,,Bashful,,,,,Naive,,,,,Modest,,,,,Timid,,,,,Modest,,,,,,,,
,,,,Shell Armor,,,,,Gluttony,,,,,Tinted Lens,,,,,Gluttony,,,,,Sheer Force,,,,,,,,
,,,,Eviolite,,,,,Charcoal,,,,,Miracle Seed,,,,,Miracle Seed,,,,,Life Orb,,,,,,,,
,,,,Water Pledge,,,,,Fire Pledge,,,,,Shadow Sneak,,,,,Grass Pledge,,,,,Draining Kiss,,,,,,,,
,,,,Flash Cannon,,,,,Low Kick,,,,,Grass Pledge,,,,,Focus Blast,,,,,Shock Wave,,,,,,,,
,,,,Ice Beam,,,,,Grass Knot,,,,,Air Slash,,,,,HP Fire,,,,,Round,,,,,,,,
,,,,HP Grass,,,,,HP Ice,,,,,HP Fire,,,,,Power Gem,,,,,Incinerate,,,,,,,,
,,,,,,,,,,,,,,,,,,,,,,,,,,,,,,,,
,,,,BASE STATS,,,EVs,,BASE STATS,,,EVs,,BASE STATS,,,EVs,,BASE STATS,,,EVs,,BASE STATS,,,EVs,,,,,
,,,,HP,75,,,,HP,75,,,,HP,78,,,,HP,75,,,,HP,140,,,,,,,
,,,,ATK,75,,,,ATK,98,,,,ATK,75,,,,ATK,98,,,,ATK,70,,,,,,,
,,,,DEF,60,,,,DEF,63,,,,DEF,75,,,,DEF,63,,,,DEF,45,,,,,,,
,,,,SPA,83,,,,SPA,98,,,,SPA,70,,,,SPA,98,,,,SPA,85,,,,,,,
,,,,SPD,60,,,,SPD,63,,,,SPD,70,,,,SPD,63,,,,SPD,50,,,,,,,
,,IF YOU'RE,,SPE,60,,,,SPE,101,,,,SPE,52,,,,SPE,101,,,,SPE,45,,,,,,,
,,LEVEL 34 ->>,,SPEED STAT:,,,53,,SPEED STAT:,,,86,,SPEED STAT:,,,45,,SPEED STAT:,,,81,,SPEED STAT:,,,41,,,,,
,,,,,,,,,,,,,,,,,,,,,,,,,,,,,,,,
,,,,,,,,,,,,,,,,,,,,,,,,,,,,,,,,
,,,,BATTLE EFFECT: DOUBLES,,,,,,,,,,,,,,,,,,,,,,,,,,,,
,,,,,,,,,,,,,,,,,,,,,,,,,,,,,,,,
,,"S.S. ANNE
SAILOR
EDMOND
&
SAILOR
TREVOR",,Lileep,,,,,Lumineon,,,,,Tatsugiri,,,,,Cramorant,,,,,Nidoqueen,,,,,,,,
,,,,Highest Lv -2,,,,,Highest Lv -4,,,,,Highest Lv -5,,,,,Highest Lv -4,,,,,Highest Lv -4,,,,,,,,
,,,,,,,,,,,,,,,,,,,,,,,,,,,,,,,,
,,,,,,,,,,,,,,,,,,,,,,,,,,,,,,,,
,,,,Modest,,,,,Timid,,,,,Modest,,,,,Timid,,,,,Timid,,,,,,,,
,,,,Storm Drain,,,,,Storm Drain,,,,,Storm Drain,,,,,Gulp Missile,,,,,Sheer Force,,,,,,,,
,,,,Eviolite,,,,,No Item,,,X,,Sitrus Berry,,,,,Focus Sash,,,,,No Item,,,X,,,,,
,,,,Ancient Power,,,,,Scald,,,,,Scald,,,,,Surf,,,,,Surf,,,,,,,,
,,,,Giga Drain,,,,,Ice Beam,,,,,Dragon Pulse,,,,,U-Turn,,,,,Scorch. Sands,,,,,,,,
,,,,Earth Power,,,,,HP Grass,,,,,Rapid Spin,,,,,Air Slash,,,,,Sludge,,,,,,,,
,,,,HP Fire,,,,,Flip Turn,,,,,Icy Wind,,,,,Safeguard,,,,,Reflect,,,,,,,,
,,,,,,,,,,,,,,,,,,,,,,,,,,,,,,,,
,,,,BASE STATS,,,EVs,,BASE STATS,,,EVs,,BASE STATS,,,EVs,,BASE STATS,,,EVs,,BASE STATS,,,EVs,,,,,
,,,,HP,66,,,,HP,79,,,,HP,78,,,,HP,85,,,,HP,90,,,,,,,
,,,,ATK,41,,,,ATK,59,,,,ATK,50,,,,ATK,85,,,,ATK,92,,,,,,,
,,,,DEF,77,,,,DEF,76,,,,DEF,70,,,,DEF,65,,,,DEF,87,,,,,,,
,,,,SPA,61,,,,SPA,96,,,,SPA,120,,,,SPA,100,,,,SPA,75,,,,,,,
,,,,SPD,87,,,,SPD,69,,,,SPD,95,,,,SPD,95,,,,SPD,85,,,,,,,
,,IF YOU'RE,,SPE,23,,,,SPE,101,,,,SPE,82,,,,SPE,105,,,,SPE,76,,,,,,,
,,LEVEL 34 ->>,,SPEED STAT:,,,29,,SPEED STAT:,,,81,,SPEED STAT:,,,61,,SPEED STAT:,,,84,,SPEED STAT:,,,64,,,,,
,,,,,,,,,,,,,,,,,,,,,,,,,,,,,,,,
,,,,,,,,,,,,,,,,,,,,,,,,,,,,,,,,
,,,,,,,,,,,,,,,,,,,,,,,,,,,,,,,,
,,"ROUTE 9
PICNICKER
CAITLIN",,Smeargle,,,,,Spinda,,,,,Sneasel-H,,,,,Liepard,,,,,,,,,,,,,
,,,,Highest Lv -2,,,,,Highest Lv -2,,,,,Highest Lv -4,,,,,Highest Lv -4,,,,,,,,,,,,,
,,,,,,,,,,,,,,,,,,,,,,,,,,,,,,,,
,,,,,,,,,,,,,,,,,,,,,,,,,,,,,,,,
,,,,Jolly,,,,,Jolly,,,,,Bashful,,,,,Bashful,,,,,,,,,,,,,
,,,,Own Tempo,,,,,Contrary,,,,,Inner Focus,,,,,Prankster,,,,,,,,,,,,,
,,,,Choice Scarf,,,,,No Item,,,X,,Eviolite,,,,,Focus Sash,,,,,,,,,,,,,
,,,,V-Create,,,,,Assist,,,,,Assist,,,,,Assist,,,,,,,,,,,,,
,,,,Dragon Ascent,,,,,-,,,,,-,,,,,-,,,,,,,,,,,,,
,,,,Trick,,,,,-,,,,,-,,,,,-,,,,,,,,,,,,,
,,,,Close Combat,,,,,-,,,,,-,,,,,-,,,,,,,,,,,,,
,,,,,,,,,,,,,,,,,,,,,,,,,,,,,,,,
,,,,BASE STATS,,,EVs,,BASE STATS,,,EVs,,BASE STATS,,,EVs,,BASE STATS,,,EVs,,,,,,,,,,
,,,,HP,55,,,,HP,80,,,,HP,55,,,,HP,64,,,,,,,,,,,,
,,,,ATK,20,,,,ATK,80,,,,ATK,95,,,,ATK,98,,,,,,,,,,,,
,,,,DEF,35,,,,DEF,80,,,,DEF,55,,,,DEF,50,,,,,,,,,,,,
,,,,SPA,20,,,,SPA,80,,,,SPA,35,,,,SPA,78,,,,,,,,,,,,
,,,,SPD,45,,,,SPD,80,,,,SPD,75,,,,SPD,50,,,,,,,,,,,,
,,,,SPE,75,,,,SPE,80,,,,SPE,115,,,,SPE,106,,,,,,,,,,,,
,,IF YOU'RE,,SPEED STAT:,,,89,,SPEED STAT:,,,93,,SPEED STAT:,,,109,,SPEED STAT:,,,102,,,,,,,,,,
,,LEVEL 44 ->>,,CHOI. SCARF:,,,133,,,,,,,,,,,,,,,,,,,,,,,,,
,,,,,,,,,,,,,,,,,,,,,,,,,,,,,,,,
,,,,,,,,,,,,,,,,,,,,,,,,,,,,,,,,
,,,,BATTLE EFFECT: OMNI-BOOSTED,,,,,,,,,,,,,,,,,,,,,,,,,,,,
,,,,,,,,,,,,,,,,,,,,,,,,,,,,,,,,
,,"PKMN TOWER
GHOST",,Marowak-A,,,,,,,,,,,,,,,,,,,,,,,,,,,,
,,,,58,,,,,,,,,,,,,,,,,,,,,,,,,,,,
,,,,,,,,,,,,,,,,,,,,,,,,,,,,,,,,
,,,,,,,,,,,,,,,,,,,,,,,,,,,,,,,,
,,,,Jolly,,,,,,,,,,,,,,,,,,,,,,,,,,,,
,,,,Bone Zone,,,,,,,,,,,,,,,,,,,,,,,,,,,,
,,,,Thick Club,,,,,,,,,,,,,,,,,,,,,,,,,,,,
,,,,Bonemerang,,,,,,,,,,,,,,,,,,,,,,,,,,,,
,,,,Shadow Bone,,,,,,,,,,,,,,,,,,,,,,,,,,,,
,,,,Fire Punch,,,,,,,,,,,,,,,,,,,,,,,,,,,,
,,,,Thunder Punch,,,,,,,,,,,,,,,,,,,,,,,,,,,,
,,,,,,,,,,,,,,,,,,,,,,,,,,,,,,,,
,,,,BASE STATS,,,EVs,,,,,,,,,,,,,,,,,,,,,,,,,
,,,,HP,60,,252,,,,,,,,,,,,,,,,,,,,,,,,,
,,,,ATK,80,,252,,,,,,,,,,,,,,,,,,,,,,,,,
,,,,DEF,110,,252,,,,,,,,,,,,,,,,,,,,,,,,,
,,,,SPA,50,,,,,,,,,,,,,,,,,,,,,,,,,,,
,,,,SPD,80,,252,,,,,,,,,,,,,,,,,,,,,,,,,
,,,,SPE,45,,252,,,,,,,,,,,,,,,,,,,,,,,,,
,,,,SPEED STAT:,,,183,,,,,,,,,,,,,,,,,,,,,,,,,
,,,,,,,,,,,,,,,,,,,,,,,,,,,,,,,,
,,,,,,,,,,,,,,,,,,,,,,,,,,,,,,,,
,,,,BATTLE EFFECT: PERMANENT SNOW,,,,,,,,,,,,,,,,,,,,,,,,,,,,
,,,,,,,,,,,,,,,,,,,,,,,,,,,,,,,,
,,"ROUTE 12
ROCKER
LUCA",,Piloswine,,,,,Heliolisk,,,,,Nidoqueen,,,,,Yanmega,,,,,Walrein,,,,,,,,
,,,,Highest Lv -5,,,,,Highest Lv -5,,,,,Highest Lv -5,,,,,Highest Lv -5,,,,,Highest Lv -5,,,,,,,,
,,,,,,,,,,,,,,,,,,,,,,,,,,,,,,,,
,,,,,,,,,,,,,,,,,,,,,,,,,,,,,,,,
,,,,Careful,,,,,Timid,,,,,Timid,,,,,Timid,,,,,Bold,,,,,,,,
,,,,Thick Fat,,,,,Dry Skin,,,,,Sheer Force,,,,,Tinted Lens,,,,,Ice Body,,,,,,,,
,,,,Eviolite,,,,,Life Orb,,,,,Life Orb,,,,,Choice Specs,,,,,Leftovers,,,,,,,,
,,,,Stealth Rock,,,,,Boomburst,,,,,Earth Power,,,,,Bug Buzz,,,,,Blizzard,,,,,,,,
,,,,Earthquake,,,,,Surf,,,,,Blizzard,,,,,Air Slash,,,,,Substitute,,,,,,,,
,,,,Roar,,,,,Weather Ball,,,,,Fire Blast,,,,,U-Turn,,,,,Protect,,,,,,,,
,,,,Icicle Crash,,,,,Volt Switch,,,,,Thunderbolt,,,,,Giga Drain,,,,,Toxic,,,,,,,,
,,,,,,,,,,,,,,,,,,,,,,,,,,,,,,,,
,,,,BASE STATS,,,EVs,,BASE STATS,,,EVs,,BASE STATS,,,EVs,,BASE STATS,,,EVs,,BASE STATS,,,EVs,,,,,
,,,,HP,100,,252,,HP,62,,,,HP,90,,,,HP,86,,,,HP,90,,252,,,,,
,,,,ATK,100,,,,ATK,55,,,,ATK,92,,,,ATK,76,,,,ATK,80,,,,,,,
,,,,DEF,80,,4,,DEF,52,,,,DEF,87,,,,DEF,86,,,,DEF,90,,252,,,,,
,,,,SPA,60,,,,SPA,109,,252,,SPA,75,,252,,SPA,116,,252,,SPA,95,,,,,,,
,,,,SPD,60,,252,,SPD,94,,4,,SPD,85,,4,,SPD,56,,4,,SPD,90,,4,,,,,
,,IF YOU'RE,,SPE,50,,,,SPE,109,,252,,SPE,76,,252,,SPE,95,,252,,SPE,65,,,,,,,
,,LEVEL 68 ->>,,SPEED STAT:,,,87,,SPEED STAT:,,,221,,SPEED STAT:,,,174,,SPEED STAT:,,,201,,SPEED STAT:,,,106,,,,,
,,,,,,,,,,,,,,,,,,,,,,,,,,,,,,,,
,,,,,,,,,,,,,,,,,,,,,,,,,,,,,,,,
,,,,BATTLE EFFECT: PERMANENT SNOW,,,,,,,,,,,,,,,,,,,,,,,,,,,,
,,,,,,,,,,,,,,,,,,,,,,,,,,,,,,,,
,,"ROUTE 12
CAMPER
JUSTIN",,Darmanitan-G,,,,,Sandslash-A,,,,,Conkeldurr,,,,,,,,,,,,,,,,,,
,,,,Highest Lv -5,,,,,Highest Lv -5,,,,,Highest Lv -5,,,,,,,,,,,,,,,,,,
,,,,,,,,,,,,,,,,,,,,,,,,,,,,,,,,
,,,,,,,,,,,,,,,,,,,,,,,,,,,,,,,,
,,,,Jolly,,,,,Jolly,,,,,Careful,,,,,,,,,,,,,,,,,,
,,,,Gorilla Tactics,,,,,Slush Rush,,,,,Iron Fist,,,,,,,,,,,,,,,,,,
,,,,Choice Scarf,,,,,Focus Sash,,,,,Assault Vest,,,,,,,,,,,,,,,,,,
,,,,U-Turn,,,,,Swords Dance,,,,,Drain Punch,,,,,,,,,,,,,,,,,,
,,,,Flare Blitz,,,,,Earthquake,,,,,Mach Punch,,,,,,,,,,,,,,,,,,
,,,,Icicle Crash,,,,,Iron Head,,,,,Knock Off,,,,,,,,,,,,,,,,,,
,,,,Earthquake,,,,,Icicle Crash,,,,,Thunder Punch,,,,,,,,,,,,,,,,,,
,,,,,,,,,,,,,,,,,,,,,,,,,,,,,,,,
,,,,BASE STATS,,,EVs,,BASE STATS,,,EVs,,BASE STATS,,,EVs,,,,,,,,,,,,,,,
,,,,HP,105,,,,HP,75,,,,HP,105,,252,,,,,,,,,,,,,,,
,,,,ATK,140,,252,,ATK,110,,252,,ATK,140,,4,,,,,,,,,,,,,,,
,,,,DEF,55,,,,DEF,120,,,,DEF,95,,,,,,,,,,,,,,,,,
,,,,SPA,30,,,,SPA,25,,,,SPA,55,,,,,,,,,,,,,,,,,
,,,,SPD,55,,4,,SPD,65,,4,,SPD,65,,252,,,,,,,,,,,,,,,
,,IF YOU'RE,,SPE,95,,252,,SPE,65,,252,,SPE,45,,,,,,,,,,,,,,,,,
,,LEVEL 68 ->>,,SPEED STAT:,,,201,,SPEED STAT:,,,160,,SPEED STAT:,,,81,,,,,,,,,,,,,,,
,,,,CHOI. SCARF:,,,301,,SLUSH RUSH:,,,320,,,,,,,,,,,,,,,,,,,,
,,,,,,,,,,,,,,,,,,,,,,,,,,,,,,,,
,,,,(!) BACK TO BACK,,,,,,,,,,,,,,,,,,,,,,,,,,,,
,,,,,,,,,,,,,,,,,,,,,,,,,,,,,,,,
,,,,,,,,,,,,,,,,,,,,,,,,,,,,,,,,
,,,,BATTLE EFFECT: PERMANENT SNOW,,,,,,,,,,,,,,,,,,,,,,,,,,,,
,,,,,,,,,,,,,,,,,,,,,,,,,,,,,,,,
,,"ROUTE 12
FISHERMAN
ANDREW",,Froslass,,,,,Arctozolt,,,,,,,,,,,,,,,,,,,,,,,
,,,,Highest Lv -5,,,,,Highest Lv -5,,,,,,,,,,,,,,,,,,,,,,,
,,,,,,,,,,,,,,,,,,,,,,,,,,,,,,,,
,,,,,,,,,,,,,,,,,,,,,,,,,,,,,,,,
,,,,Timid,,,,,Naive,,,,,,,,,,,,,,,,,,,,,,,
,,,,Ice Body,,,,,Slush Rush,,,,,,,,,,,,,,,,,,,,,,,
,,,,Light Clay,,,,,Magnet,,,,,,,,,,,,,,,,,,,,,,,
,,,,Aurora Veil,,,,,Bolt Beak,,,,,,,,,,,,,,,,,,,,,,,
,,,,Blizzard,,,,,Blizzard,,,,,,,,,,,,,,,,,,,,,,,
,,,,Shadow Ball,,,,,Low Kick,,,,,,,,,,,,,,,,,,,,,,,
,,,,Freeze-Dry,,,,,Stone Edge,,,,,,,,,,,,,,,,,,,,,,,
,,,,,,,,,,,,,,,,,,,,,,,,,,,,,,,,
,,,,BASE STATS,,,EVs,,BASE STATS,,,EVs,,,,,,,,,,,,,,,,,,,,
,,,,HP,70,,,,HP,90,,,,,,,,,,,,,,,,,,,,,,
,,,,ATK,95,,,,ATK,100,,252,,,,,,,,,,,,,,,,,,,,
,,,,DEF,70,,,,DEF,90,,,,,,,,,,,,,,,,,,,,,,
,,,,SPA,95,,252,,SPA,90,,,,,,,,,,,,,,,,,,,,,,
,,,,SPD,70,,4,,SPD,80,,4,,,,,,,,,,,,,,,,,,,,
,,IF YOU'RE,,SPE,110,,252,,SPE,55,,252,,,,,,,,,,,,,,,,,,,,
,,LEVEL 68 ->>,,SPEED STAT:,,,222,,SPEED STAT:,,,146,,,,,,,,,,,,,,,,,,,,
,,,,,,,,,SLUSH RUSH:,,,292,,,,,,,,,,,,,,,,,,,,
,,,,,,,,,,,,,,,,,,,,,,,,,,,,,,,,
,,,,,,,,,,,,,,,,,,,,,,,,,,,,,,,,
,,,,,,,,,,,,,,,,,,,,,,,,,,,,,,,,
,,,,BATTLE EFFECT: PERMANENT SUN,,,,,,,,,,,,,,,,,,,,,,,,,,,,
,,,,,,,,,,,,,,,,,,,,,,,,,,,,,,,,
,,"ROUTE 13
BIRD KEEPER
SEBASTIAN",,Gliscor,,,,,Charizard-MegaX,,,,,Togekiss,,,,,Tropius,,,,,,,,,,,,,
,,,,Highest Lv -4,,,,,Highest Lv -5,,,,,Highest Lv -5,,,,,Highest Lv -5,,,,,,,,,,,,,
,,,,,,,,,,,,,,,,,,,,,,,,,,,,,,,,
,,,,,,,,,,,,,,,,,,,,,,,,,,,,,,,,
,,,,Jolly,,,,,Jolly,,,,,Modest,,,,,Adamant,,,,,,,,,,,,,
,,,,Poison Heal,,,,,"Blaze
Tough Claws",,,,,Serene Grace,,,,,Chlorophyll,,,,,,,,,,,,,
,,,,Toxic Orb,,,,,Charizardite X,,,,,Leftovers,,,,,Focus Sash,,,,,,,,,,,,,
,,,,U-Turn,,,,,Dragon Dance,,,,,Air Slash,,,,,Growth,,,,,,,,,,,,,
,,,,Earthquake,,,,,Flare Blitz,,,,,Fire Blast,,,,,Giga Drain,,,,,,,,,,,,,
,,,,Stealth Rock,,,,,Dragon Claw,,,,,Thunder Wave,,,,,Weather Ball,,,,,,,,,,,,,
,,,,Dual Wingbeat,,,,,Earthquake,,,,,Roost,,,,,Dragon Pulse,,,,,,,,,,,,,
,,,,,,,,,,,,,,,,,,,,,,,,,,,,,,,,
,,,,BASE STATS,,,EVs,,BASE STATS,,,EVs,,BASE STATS,,,EVs,,BASE STATS,,,EVs,,,,,,,,,,
,,,,HP,75,,252,,HP,78,,252,,HP,85,,252,,HP,99,,,,,,,,,,,,
,,,,ATK,95,,4,,ATK,130,,4,,ATK,50,,4,,ATK,68,,,,,,,,,,,,
,,,,DEF,125,,,,DEF,111,,,,DEF,95,,,,DEF,83,,4,,,,,,,,,,
,,,,SPA,45,,,,SPA,130,,,,SPA,120,,,,SPA,92,,252,,,,,,,,,,
,,,,SPD,75,,,,SPD,85,,,,SPD,115,,,,SPD,87,,,,,,,,,,,,
,,IF YOU'RE,,SPE,95,,252,,SPE,100,,252,,SPE,80,,252,,SPE,81,,252,,,,,,,,,,
,,LEVEL 68 ->>,,SPEED STAT:,,,204,,SPEED STAT:,,,209,,SPEED STAT:,,,165,,SPEED STAT:,,,166,,,,,,,,,,
,,,,,,,,,,,,,,,,,,,CHLOROPHY.:,,,332,,,,,,,,,,
,,,,,,,,,,,,,,,,,,,,,,,,,,,,,,,,
,,,,,,,,,,,,,,,,,,,,,,,,,,,,,,,,
,,,,BATTLE EFFECT: PERMANENT SUN,,,,,,,,,,,,,,,,,,,,,,,,,,,,
,,,,,,,,,,,,,,,,,,,,,,,,,,,,,,,,
,,"ROUTE 13
PICNICKER
SUSIE",,Shiftry,,,,,Goodra,,,,,Espeon,,,,,Arcanine-H,,,,,Alcremie-Mega,,,,,,,,
,,,,Highest Lv -5,,,,,Highest Lv -5,,,,,Highest Lv -5,,,,,Highest Lv -5,,,,,Highest Lv -5,,,,,,,,
,,,,,,,,,,,,,,,,,,,,,,,,,,,,,,,,
,,,,,,,,,,,,,,,,,,,,,,,,,,,,,,,,
,,,,Adamant,,,,,Modest,,,,,Timid,,,,,Adamant,,,,,Bold,,,,,,,,
,,,,Chlorophyll,,,,,Sap Sipper,,,,,Magic Bounce,,,,,Rock Head,,,,,"Sweet Veil
Self Sufficient",,,,,,,,
,,,,Life Orb,,,,,Assault Vest,,,,,Twisted Spoon,,,,,Air Balloon,,,,,Alcremite,,,,,,,,
,,,,Fake Out,,,,,Fire Blast,,,,,Calm Mind,,,,,Head Smash,,,,,Moonblast,,,,,,,,
,,,,Solar Blade,,,,,Draco Barrage,,,,,Psychic,,,,,Solar Beam,,,,,Mystical Fire,,,,,,,,
,,,,Knock Off,,,,,Sludge Bomb,,,,,Weather Ball,,,,,Flare Blitz,,,,,Misty Explosion,,,,,,,,
,,,,Parting Shot,,,,,Thunderbolt,,,,,Shadow Ball,,,,,Accelerock,,,,,Recover,,,,,,,,
,,,,,,,,,,,,,,,,,,,,,,,,,,,,,,,,
,,,,BASE STATS,,,EVs,,BASE STATS,,,EVs,,BASE STATS,,,EVs,,BASE STATS,,,EVs,,BASE STATS,,,EVs,,,,,
,,,,HP,90,,,,HP,90,,252,,HP,65,,,,HP,95,,,,HP,65,,252,,,,,
,,,,ATK,120,,252,,ATK,100,,,,ATK,65,,,,ATK,125,,252,,ATK,70,,,,,,,
,,,,DEF,60,,4,,DEF,70,,,,DEF,60,,4,,DEF,80,,4,,DEF,90,,252,,,,,
,,,,SPA,110,,,,SPA,110,,252,,SPA,130,,252,,SPA,85,,,,SPA,140,,4,,,,,
,,,,SPD,60,,,,SPD,150,,4,,SPD,95,,,,SPD,80,,,,SPD,131,,,,,,,
,,IF YOU'RE,,SPE,80,,252,,SPE,80,,,,SPE,110,,252,,SPE,90,,252,,SPE,84,,,,,,,
,,LEVEL 68 ->>,,SPEED STAT:,,,165,,SPEED STAT:,,,125,,SPEED STAT:,,,222,,SPEED STAT:,,,203,,SPEED STAT:,,,130,,,,,
,,,,CHLOROPHY.:,,,330,,,,,,,,,,,,,,,,,,,,,,,,,
,,,,,,,,,,,,,,,,,,,,,,,,,,,,,,,,
,,,,,,,,,,,,,,,,,,,,,,,,,,,,,,,,
,,,,BATTLE EFFECT: PERMANENT SUN,,,,,,,,,,,,,,,,,,,,,,,,,,,,
,,,,,,,,,,,,,,,,,,,,,,,,,,,,,,,,
,,"ROUTE 13
PICNICKER
ALMA",,Tangrowth,,,,,Chansey,,,,,Chandelure,,,,,Altaria-Mega,,,,,,,,,,,,,
,,,,Highest Lv -5,,,,,Highest Lv -5,,,,,Highest Lv -5,,,,,Highest Lv -5,,,,,,,,,,,,,
,,,,,,,,,,,,,,,,,,,,,,,,,,,,,,,,
,,,,,,,,,,,,,,,,,,,,,,,,,,,,,,,,
,,,,Timid,,,,,Bold,,,,,Timid,,,,,Bold,,,,,,,,,,,,,
,,,,Chlorophyll,,,,,Natural Cure,,,,,Shadow Tag,,,,,"Natural Cure
Pixilate",,,,,,,,,,,,,
,,,,Assault Vest,,,,,Eviolite,,,,,Choice Scarf,,,,,Altarianite,,,,,,,,,,,,,
,,,,Solar Beam,,,,,Thunder Wave,,,,,Fire Blast,,,,,Fire Blast,,,,,,,,,,,,,
,,,,HP Fire,,,,,Seismic Toss,,,,,Solar Beam,,,,,Hyper Voice,,,,,,,,,,,,,
,,,,Sludge Bomb,,,,,Teleport,,,,,Shadow Ball,,,,,Roost,,,,,,,,,,,,,
,,,,Knock Off,,,,,Soft Boiled,,,,,Trick,,,,,Earthquake,,,,,,,,,,,,,
,,,,,,,,,,,,,,,,,,,,,,,,,,,,,,,,
,,,,BASE STATS,,,EVs,,BASE STATS,,,EVs,,BASE STATS,,,EVs,,BASE STATS,,,EVs,,,,,,,,,,
,,,,HP,100,,,,HP,250,,252,,HP,60,,,,HP,85,,252,,,,,,,,,,
,,,,ATK,100,,,,ATK,5,,,,ATK,55,,,,ATK,110,,,,,,,,,,,,
,,,,DEF,125,,,,DEF,5,,252,,DEF,90,,4,,DEF,110,,252,,,,,,,,,,
,,,,SPA,110,,252,,SPA,35,,,,SPA,145,,252,,SPA,110,,4,,,,,,,,,,
,,,,SPD,50,,,,SPD,105,,4,,SPD,90,,,,SPD,105,,,,,,,,,,,,
,,IF YOU'RE,,SPE,50,,252,,SPE,50,,,,SPE,80,,252,,SPE,80,,,,,,,,,,,,
,,LEVEL 68 ->>,,SPEED STAT:,,,138,,SPEED STAT:,,,87,,SPEED STAT:,,,181,,SPEED STAT:,,,125,,,,,,,,,,
,,,,CHLOROPHY.:,,,276,,,,,,,CHOI. SCARF:,,,271,,,,,,,,,,,,,,,
,,,,,,,,,,,,,,,,,,,,,,,,,,,,,,,,
,,,,,,,,,,,,,,,,,,,,,,,,,,,,,,,,
,,,,BATTLE EFFECT: DOUBLES + PERMANENT SUN,,,,,,,,,,,,,,,,,,,,,,,,,,,,
,,,,,,,,,,,,,,,,,,,,,,,,,,,,,,,,
,,"ROUTE 13
BEAUTY
LOLA
&
BEAUTY
SHEILA",,Cherrim,,,,,Venusaur,,,,,Florges,,,,,Bouffalant,,,,,Zebstrika,,,,,,,,
,,,,Highest Lv -5,,,,,Highest Lv -5,,,,,Highest Lv -5,,,,,Highest Lv -5,,,,,Highest Lv -5,,,,,,,,
,,,,,,,,,,,,,,,,,,,,,,,,,,,,,,,,
,,,,,,,,,,,,,,,,,,,,,,,,,,,,,,,,
,,,,Jolly,,,,,Naive,,,,,Calm,,,,,Adamant,,,,,Jolly,,,,,,,,
,,,,Flower Gift,,,,,Chlorophyll,,,,,Natural Cure,,,,,Sap Sipper,,,,,Sap Sipper,,,,,,,,
,,,,Focus Sash,,,,,Sitrus Berry,,,,,Assault Vest,,,,,Normal Gem,,,,,Magnet,,,,,,,,
,,,,Petal Blizzard,,,,,Petal Blizzard,,,,,Petal Blizzard,,,,,Head Charge,,,,,Bolt Strike,,,,,,,,
,,,,Safeguard,,,,,Safeguard,,,,,Moonblast,,,,,High Horsep.,,,,,Flare Blitz,,,,,,,,
,,,,X-Scissor,,,,,Earth Power,,,,,Safeguard,,,,,Zen Headbutt,,,,,Low Kick,,,,,,,,
,,,,Return,,,,,Weather Ball,,,,,HP Fire,,,,,Close Combat,,,,,Return,,,,,,,,
,,,,,,,,,,,,,,,,,,,,,,,,,,,,,,,,
,,,,BASE STATS,,,EVs,,BASE STATS,,,EVs,,BASE STATS,,,EVs,,BASE STATS,,,EVs,,BASE STATS,,,EVs,,,,,
,,,,HP,70,,,,HP,80,,,,HP,78,,252,,HP,100,,252,,HP,75,,,,,,,
,,,,ATK,100,,252,,ATK,82,,4,,ATK,65,,,,ATK,110,,252,,ATK,100,,252,,,,,
,,,,DEF,70,,4,,DEF,83,,,,DEF,68,,,,DEF,95,,,,DEF,63,,4,,,,,
,,,,SPA,60,,,,SPA,100,,252,,SPA,112,,4,,SPA,40,,,,SPA,80,,,,,,,
,,,,SPD,78,,,,SPD,100,,,,SPD,154,,252,,SPD,95,,,,SPD,63,,,,,,,
,,IF YOU'RE,,SPE,85,,252,,SPE,80,,252,,SPE,75,,,,SPE,65,,4,,SPE,116,,252,,,,,
,,LEVEL 68 ->>,,SPEED STAT:,,,188,,SPEED STAT:,,,181,,SPEED STAT:,,,118,,SPEED STAT:,,,107,,SPEED STAT:,,,231,,,,,
,,,,FLOWER GIFT:,,,282,,CHLOROPHY.:,,,362,,,,,,,,,,,,,,,,,,,,
,,,,,,,,,,,,,,,,,,,,,,,,,,,,,,,,
,,,,,,,,,,,,,,,,,,,,,,,,,,,,,,,,
,,,,BATTLE EFFECT: PERMANENT SUN,,,,,,,,,,,,,,,,,,,,,,,,,,,,
,,,,,,,,,,,,,,,,,,,,,,,,,,,,,,,,
,,"ROUTE 13
BIRD KEEPER
PERRY",,Rhyperior,,,,,Gardevoir,,,,,Rapidash,,,,,Dragapult,,,,,,,,,,,,,
,,,,Highest Lv -5,,,,,Highest Lv -5,,,,,Highest Lv -5,,,,,Highest Lv -5,,,,,,,,,,,,,
,,,,,,,,,,,,,,,,,,,,,,,,,,,,,,,,
,,,,,,,,,,,,,,,,,,,,,,,,,,,,,,,,
,,,,Careful,,,,,Timid,,,,,Jolly,,,,,Naive,,,,,,,,,,,,,
,,,,Solid Rock,,,,,Trace,,,,,Blazing Soul,,,,,Stalwart,,,,,,,,,,,,,
,,,,Rindo Berry,,,,,Lum Berry,,,,,Charcoal,,,,,Spell Tag,,,,,,,,,,,,,
,,,,Stealth Rock,,,,,Calm Mind,,,,,Fire Lash,,,,,Shadow Ball,,,,,,,,,,,,,
,,,,Stone Edge,,,,,Psychic,,,,,Solar Blade,,,,,Dragon Darts,,,,,,,,,,,,,
,,,,Earthquake,,,,,Moonblast,,,,,Jump Kick,,,,,Fire Blast,,,,,,,,,,,,,
,,,,Fire Punch,,,,,Mystical Fire,,,,,High Horsep.,,,,,U-Turn,,,,,,,,,,,,,
,,,,,,,,,,,,,,,,,,,,,,,,,,,,,,,,
,,,,BASE STATS,,,EVs,,BASE STATS,,,EVs,,BASE STATS,,,EVs,,BASE STATS,,,EVs,,,,,,,,,,
,,,,HP,115,,252,,HP,68,,,,HP,65,,,,HP,88,,,,,,,,,,,,
,,,,ATK,140,,252,,ATK,65,,,,ATK,100,,252,,ATK,120,,4,,,,,,,,,,
,,,,DEF,130,,,,DEF,65,,4,,DEF,70,,4,,DEF,75,,,,,,,,,,,,
,,,,SPA,55,,,,SPA,125,,252,,SPA,60,,,,SPA,100,,252,,,,,,,,,,
,,,,SPD,55,,4,,SPD,115,,,,SPD,80,,,,SPD,75,,,,,,,,,,,,
,,IF YOU'RE,,SPE,40,,,,SPE,80,,252,,SPE,125,,252,,SPE,142,,252,,,,,,,,,,
,,LEVEL 68 ->>,,SPEED STAT:,,,74,,SPEED STAT:,,,181,,SPEED STAT:,,,243,,SPEED STAT:,,,267,,,,,,,,,,
,,,,,,,,,,,,,,,,,,,,,,,,,,,,,,,,
,,,,,,,,,,,,,,,,,,,,,,,,,,,,,,,,
,,,,BATTLE EFFECT: PERMANENT SUN,,,,,,,,,,,,,,,,,,,,,,,,,,,,
,,,,,,,,,,,,,,,,,,,,,,,,,,,,,,,,
,,"ROUTE 13
BIKER
JARED",,Crustle,,,,,Leavanny,,,,,Camerupt-Mega,,,,,Mamoswine,,,,,,,,,,,,,
,,,,Highest Lv -5,,,,,Highest Lv -5,,,,,Highest Lv -5,,,,,Highest Lv -5,,,,,,,,,,,,,
,,,,,,,,,,,,,,,,,,,,,,,,,,,,,,,,
,,,,,,,,,,,,,,,,,,,,,,,,,,,,,,,,
,,,,Adamant,,,,,Adamant,,,,,Modest,,,,,Jolly,,,,,,,,,,,,,
,,,,Sturdy,,,,,Chlorophyll,,,,,"Solid Rock
Sheer Force",,,,,Thick Fat,,,,,,,,,,,,,
,,,,Custap Berry,,,,,Focus Sash,,,,,Cameruptite,,,,,Soft Sand,,,,,,,,,,,,,
,,,,Stealth Rock,,,,,Solar Blade,,,,,Fire Blast,,,,,Headlong Rush,,,,,,,,,,,,,
,,,,Spikes,,,,,Swords Dance,,,,,Earth Power,,,,,Icicle Crash,,,,,,,,,,,,,
,,,,Stone Edge,,,,,X-Scissor,,,,,Solar Beam,,,,,Ice Shard,,,,,,,,,,,,,
,,,,Earthquake,,,,,Sacred Sword,,,,,Ancient Power,,,,,Rock Tomb,,,,,,,,,,,,,
,,,,,,,,,,,,,,,,,,,,,,,,,,,,,,,,
,,,,BASE STATS,,,EVs,,BASE STATS,,,EVs,,BASE STATS,,,EVs,,BASE STATS,,,EVs,,,,,,,,,,
,,,,HP,70,,252,,HP,75,,,,HP,90,,252,,HP,110,,,,,,,,,,,,
,,,,ATK,105,,252,,ATK,103,,252,,ATK,100,,,,ATK,130,,252,,,,,,,,,,
,,,,DEF,125,,4,,DEF,80,,4,,DEF,110,,4,,DEF,80,,4,,,,,,,,,,
,,,,SPA,65,,,,SPA,70,,,,SPA,145,,252,,SPA,70,,,,,,,,,,,,
,,,,SPD,75,,,,SPD,80,,,,SPD,115,,,,SPD,60,,,,,,,,,,,,
,,IF YOU'RE,,SPE,55,,,,SPE,92,,252,,SPE,20,,,,SPE,80,,252,,,,,,,,,,
,,LEVEL 68 ->>,,SPEED STAT:,,,93,,SPEED STAT:,,,180,,SPEED STAT:,,,49,,SPEED STAT:,,,181,,,,,,,,,,
,,,,,,,,,CHLOROPHY.:,,,360,,,,,,,,,,,,,,,,,,,,
,,,,,,,,,,,,,,,,,,,,,,,,,,,,,,,,
,,,,,,,,,,,,,,,,,,,,,,,,,,,,,,,,
,,,,BATTLE EFFECT: PERMANENT SUN,,,,,,,,,,,,,,,,,,,,,,,,,,,,
,,,,,,,,,,,,,,,,,,,,,,,,,,,,,,,,
,,"ROUTE 13
BIRD KEEPER
ROBERT",,Exeggutor,,,,,Archeops,,,,,Emboar,,,,,Jolteon,,,,,,,,,,,,,
,,,,Highest Lv -5,,,,,Highest Lv -5,,,,,Highest Lv -5,,,,,Highest Lv -5,,,,,,,,,,,,,
,,,,,,,,,,,,,,,,,,,,,,,,,,,,,,,,
,,,,,,,,,,,,,,,,,,,,,,,,,,,,,,,,
,,,,Timid,,,,,Jolly,,,,,Naive,,,,,Timid,,,,,,,,,,,,,
,,,,Chlorophyll,,,,,Defeatist,,,,,Bull Rush,,,,,Volt Absorb,,,,,,,,,,,,,
,,,,Focus Sash,,,,,Sharp Beak,,,,,Charcoal,,,,,Life Orb,,,,,,,,,,,,,
,,,,Sleep Powder,,,,,Brave Bird,,,,,Flare Blitz,,,,,Volt Switch,,,,,,,,,,,,,
,,,,Solar Beam,,,,,Head Smash,,,,,Close Combat,,,,,Thunderbolt,,,,,,,,,,,,,
,,,,Psyshock,,,,,Earthquake,,,,,Wild Charge,,,,,Weather Ball,,,,,,,,,,,,,
,,,,Weather Ball,,,,,U-Turn,,,,,Solar Beam,,,,,HP Grass,,,,,,,,,,,,,
,,,,,,,,,,,,,,,,,,,,,,,,,,,,,,,,
,,,,BASE STATS,,,EVs,,BASE STATS,,,EVs,,BASE STATS,,,EVs,,BASE STATS,,,EVs,,,,,,,,,,
,,,,HP,95,,,,HP,75,,,,HP,110,,,,HP,65,,,,,,,,,,,,
,,,,ATK,95,,,,ATK,140,,252,,ATK,123,,252,,ATK,65,,,,,,,,,,,,
,,,,DEF,85,,4,,DEF,65,,4,,DEF,65,,4,,DEF,60,,4,,,,,,,,,,
,,,,SPA,125,,252,,SPA,112,,,,SPA,100,,,,SPA,110,,252,,,,,,,,,,
,,,,SPD,75,,,,SPD,65,,,,SPD,65,,,,SPD,95,,,,,,,,,,,,
,,IF YOU'RE,,SPE,55,,252,,SPE,110,,252,,SPE,65,,252,,SPE,130,,252,,,,,,,,,,
,,LEVEL 68 ->>,,SPEED STAT:,,,146,,SPEED STAT:,,,222,,SPEED STAT:,,,160,,SPEED STAT:,,,250,,,,,,,,,,
,,,,CHLOROPHY.:,,,292,,,,,,,BULL RUSH:,,,240,,,,,,,,,,,,,,,
,,,,,,,,,,,,,,,,,,,,,,,,,,,,,,,,
,,,,,,,,,,,,,,,,,,,,,,,,,,,,,,,,
,,,,BATTLE EFFECT: PERMANENT SANDSTORM,,,,,,,,,,,,,,,,,,,,,,,,,,,,
,,,,,,,,,,,,,,,,,,,,,,,,,,,,,,,,
,,"ROUTE 16
BIKER
LAO",,Mienshao,,,,,Heliolisk,,,,,Dugtrio-A,,,,,,,,,,,,,,,,,,
,,,,Highest Lv -5,,,,,Highest Lv -5,,,,,Highest Lv -5,,,,,,,,,,,,,,,,,,
,,,,,,,,,,,,,,,,,,,,,,,,,,,,,,,,
,,,,,,,,,,,,,,,,,,,,,,,,,,,,,,,,
,,,,Jolly,,,,,Timid,,,,,Naive,,,,,,,,,,,,,,,,,,
,,,,Inner Focus,,,,,Sand Veil,,,,,Sand Force,,,,,,,,,,,,,,,,,,
,,,,Life Orb,,,,,Focus Sash,,,,,Life Orb,,,,,,,,,,,,,,,,,,
,,,,Fake Out,,,,,Volt Switch,,,,,Earthquake,,,,,,,,,,,,,,,,,,
,,,,Close Combat,,,,,Boomburst,,,,,Iron Head,,,,,,,,,,,,,,,,,,
,,,,Knock Off,,,,,Weather Ball,,,,,Sucker Punch,,,,,,,,,,,,,,,,,,
,,,,U-Turn,,,,,Surf,,,,,Stone Edge,,,,,,,,,,,,,,,,,,
,,,,,,,,,,,,,,,,,,,,,,,,,,,,,,,,
,,,,BASE STATS,,,EVs,,BASE STATS,,,EVs,,BASE STATS,,,EVs,,,,,,,,,,,,,,,
,,,,HP,65,,,,HP,62,,,,HP,35,,,,,,,,,,,,,,,,,
,,,,ATK,125,,252,,ATK,55,,,,ATK,110,,252,,,,,,,,,,,,,,,
,,,,DEF,60,,,,DEF,52,,,,DEF,60,,,,,,,,,,,,,,,,,
,,,,SPA,95,,,,SPA,109,,252,,SPA,50,,,,,,,,,,,,,,,,,
,,,,SPD,60,,4,,SPD,94,,4,,SPD,70,,4,,,,,,,,,,,,,,,
,,IF YOU'RE,,SPE,105,,252,,SPE,109,,252,,SPE,110,,252,,,,,,,,,,,,,,,
,,LEVEL 68 ->>,,SPEED STAT:,,,215,,SPEED STAT:,,,221,,SPEED STAT:,,,222,,,,,,,,,,,,,,,
,,,,,,,,,,,,,,,,,,,,,,,,,,,,,,,,
,,,,(!!) BACK TO BACK TO BACK,,,,,,,,,,,,,,,,,,,,,,,,,,,,
,,,,,,,,,,,,,,,,,,,,,,,,,,,,,,,,
,,,,,,,,,,,,,,,,,,,,,,,,,,,,,,,,
,,,,BATTLE EFFECT: PERMANENT SANDSTORM,,,,,,,,,,,,,,,,,,,,,,,,,,,,
,,,,,,,,,,,,,,,,,,,,,,,,,,,,,,,,
,,"ROUTE 16
CUE BALL
KOJI",,Dracozolt,,,,,,,,,,,,,,,,,,,,,,,,,,,,
,,,,Highest Lv -5,,,,,,,,,,,,,,,,,,,,,,,,,,,,
,,,,,,,,,,,,,,,,,,,,,,,,,,,,,,,,
,,,,,,,,,,,,,,,,,,,,,,,,,,,,,,,,
,,,,Jolly,,,,,,,,,,,,,,,,,,,,,,,,,,,,
,,,,Sand Rush,,,,,,,,,,,,,,,,,,,,,,,,,,,,
,,,,Magnet,,,,,,,,,,,,,,,,,,,,,,,,,,,,
,,,,Bolt Beak,,,,,,,,,,,,,,,,,,,,,,,,,,,,
,,,,Dragon Claw,,,,,,,,,,,,,,,,,,,,,,,,,,,,
,,,,Earthquake,,,,,,,,,,,,,,,,,,,,,,,,,,,,
,,,,Fire Blast,,,,,,,,,,,,,,,,,,,,,,,,,,,,
,,,,,,,,,,,,,,,,,,,,,,,,,,,,,,,,
,,,,BASE STATS,,,EVs,,,,,,,,,,,,,,,,,,,,,,,,,
,,,,HP,90,,,,,,,,,,,,,,,,,,,,,,,,,,,
,,,,ATK,100,,252,,,,,,,,,,,,,,,,,,,,,,,,,
,,,,DEF,90,,,,,,,,,,,,,,,,,,,,,,,,,,,
,,,,SPA,80,,,,,,,,,,,,,,,,,,,,,,,,,,,
,,,,SPD,70,,4,,,,,,,,,,,,,,,,,,,,,,,,,
,,IF YOU'RE,,SPE,75,,252,,,,,,,,,,,,,,,,,,,,,,,,,
,,LEVEL 68 ->>,,SPEED STAT:,,,173,,,,,,,,,,,,,,,,,,,,,,,,,
,,,,SAND RUSH:,,,346,,,,,,,,,,,,,,,,,,,,,,,,,
,,,,,,,,,,,,,,,,,,,,,,,,,,,,,,,,
,,,,(!!) BACK TO BACK TO BACK,,,,,,,,,,,,,,,,,,,,,,,,,,,,
,,,,,,,,,,,,,,,,,,,,,,,,,,,,,,,,
,,,,,,,,,,,,,,,,,,,,,,,,,,,,,,,,
,,,,BATTLE EFFECT: PERMANENT SANDSTORM,,,,,,,,,,,,,,,,,,,,,,,,,,,,
,,,,,,,,,,,,,,,,,,,,,,,,,,,,,,,,
,,"ROUTE 16
CUE BALL
LUKE",,Dugtrio,,,,,Hariyama,,,,,,,,,,,,,,,,,,,,,,,
,,,,Highest Lv -5,,,,,Highest Lv -5,,,,,,,,,,,,,,,,,,,,,,,
,,,,,,,,,,,,,,,,,,,,,,,,,,,,,,,,
,,,,,,,,,,,,,,,,,,,,,,,,,,,,,,,,
,,,,Jolly,,,,,Careful,,,,,,,,,,,,,,,,,,,,,,,
,,,,Arena Trap,,,,,Thick Fat,,,,,,,,,,,,,,,,,,,,,,,
,,,,Life Orb,,,,,Assault Vest,,,,,,,,,,,,,,,,,,,,,,,
,,,,Earthquake,,,,,Fake Out,,,,,,,,,,,,,,,,,,,,,,,
,,,,Stone Edge,,,,,Knock Off,,,,,,,,,,,,,,,,,,,,,,,
,,,,Aerial Ace,,,,,Drain Punch,,,,,,,,,,,,,,,,,,,,,,,
,,,,Sucker Punch,,,,,Heavy Slam,,,,,,,,,,,,,,,,,,,,,,,
,,,,,,,,,,,,,,,,,,,,,,,,,,,,,,,,
,,,,BASE STATS,,,EVs,,BASE STATS,,,EVs,,,,,,,,,,,,,,,,,,,,
,,,,HP,35,,,,HP,144,,252,,,,,,,,,,,,,,,,,,,,
,,,,ATK,100,,252,,ATK,120,,252,,,,,,,,,,,,,,,,,,,,
,,,,DEF,50,,,,DEF,60,,,,,,,,,,,,,,,,,,,,,,
,,,,SPA,50,,,,SPA,40,,,,,,,,,,,,,,,,,,,,,,
,,,,SPD,70,,4,,SPD,60,,4,,,,,,,,,,,,,,,,,,,,
,,IF YOU'RE,,SPE,120,,252,,SPE,50,,,,,,,,,,,,,,,,,,,,,,
,,LEVEL 68 ->>,,SPEED STAT:,,,236,,SPEED STAT:,,,87,,,,,,,,,,,,,,,,,,,,
,,,,,,,,,,,,,,,,,,,,,,,,,,,,,,,,
,,,,,,,,,,,,,,,,,,,,,,,,,,,,,,,,
,,,,BATTLE EFFECT: PERMANENT SANDSTORM,,,,,,,,,,,,,,,,,,,,,,,,,,,,
,,,,,,,,,,,,,,,,,,,,,,,,,,,,,,,,
,,"ROUTE 16
BIKER
RUBEN",,Accelgor,,,,,Gigalith,,,,,Roserade,,,,,Houndstone,,,,,,,,,,,,,
,,,,Highest Lv -5,,,,,Highest Lv -5,,,,,Highest Lv -5,,,,,Highest Lv -4,,,,,,,,,,,,,
,,,,,,,,,,,,,,,,,,,,,,,,,,,,,,,,
,,,,,,,,,,,,,,,,,,,,,,,,,,,,,,,,
,,,,Timid,,,,,Careful,,,,,Timid,,,,,Jolly,,,,,,,,,,,,,
,,,,Sheer Force,,,,,Sand Force,,,,,Technician,,,,,Sand Rush,,,,,,,,,,,,,
,,,,Life Orb,,,,,Assault Vest,,,,,Lum Berry,,,,,Spell Tag,,,,,,,,,,,,,
,,,,U-Turn,,,,,Earthquake,,,,,Giga Drain,,,,,Last Respects,,,,,,,,,,,,,
,,,,Bug Buzz,,,,,Stone Edge,,,,,Weather Ball,,,,,Body Press,,,,,,,,,,,,,
,,,,Focus Blast,,,,,Explosion,,,,,HP Fire,,,,,Fire Fang,,,,,,,,,,,,,
,,,,Sludge Bomb,,,,,Body Press,,,,,Sleep Powder,,,,,Ice Fang,,,,,,,,,,,,,
,,,,,,,,,,,,,,,,,,,,,,,,,,,,,,,,
,,,,BASE STATS,,,EVs,,BASE STATS,,,EVs,,BASE STATS,,,EVs,,BASE STATS,,,EVs,,,,,,,,,,
,,,,HP,80,,,,HP,85,,252,,HP,60,,,,HP,72,,,,,,,,,,,,
,,,,ATK,70,,,,ATK,135,,252,,ATK,70,,252,,ATK,101,,252,,,,,,,,,,
,,,,DEF,40,,,,DEF,130,,,,DEF,65,,4,,DEF,100,,,,,,,,,,,,
,,,,SPA,100,,252,,SPA,60,,,,SPA,125,,,,SPA,50,,,,,,,,,,,,
,,,,SPD,60,,4,,SPD,80,,4,,SPD,105,,,,SPD,97,,4,,,,,,,,,,
,,IF YOU'RE,,SPE,145,,252,,SPE,25,,,,SPE,90,,252,,SPE,68,,252,,,,,,,,,,
,,LEVEL 68 ->>,,SPEED STAT:,,,270,,SPEED STAT:,,,56,,SPEED STAT:,,,193,,SPEED STAT:,,,167,,,,,,,,,,
,,,,,,,,,,,,,,,,,,,SAND RUSH:,,,334,,,,,,,,,,
,,,,,,,,,,,,,,,,,,,,,,,,,,,,,,,,
,,,,,,,,,,,,,,,,,,,,,,,,,,,,,,,,
,,,,BATTLE EFFECT: PERMANENT SANDSTORM,,,,,,,,,,,,,,,,,,,,,,,,,,,,
,,,,,,,,,,,,,,,,,,,,,,,,,,,,,,,,
,,"ROUTE 16
CUE BALL
CAMRON",,Swampert,,,,,Revavroom,,,,,Scizor-Mega,,,,,Cacturne,,,,,,,,,,,,,
,,,,Highest Lv -5,,,,,Highest Lv -5,,,,,Highest Lv -5,,,,,Highest Lv -5,,,,,,,,,,,,,
,,,,,,,,,,,,,,,,,,,,,,,,,,,,,,,,
,,,,,,,,,,,,,,,,,,,,,,,,,,,,,,,,
,,,,Sassy,,,,,Jolly,,,,,Adamant,,,,,Jolly,,,,,,,,,,,,,
,,,,Damp,,,,,Filter,,,,,"Swarm
Technician",,,,,Sand Rush,,,,,,,,,,,,,
,,,,Leftovers,,,,,Air Balloon,,,,,Scizorite,,,,,Life Orb,,,,,,,,,,,,,
,,,,Stealth Rock,,,,,Shift Gear,,,,,U-Turn,,,,,Needle Arm,,,,,,,,,,,,,
,,,,Flip Turn,,,,,Iron Head,,,,,Bullet Punch,,,,,Sucker Punch,,,,,,,,,,,,,
,,,,Earthquake,,,,,Gunk Shot,,,,,Rock Smash,,,,,Knock Off,,,,,,,,,,,,,
,,,,Yawn,,,,,High Horsep.,,,,,Knock Off,,,,,Swords Dance,,,,,,,,,,,,,
,,,,,,,,,,,,,,,,,,,,,,,,,,,,,,,,
,,,,BASE STATS,,,EVs,,BASE STATS,,,EVs,,BASE STATS,,,EVs,,BASE STATS,,,EVs,,,,,,,,,,
,,,,HP,100,,252,,HP,80,,,,HP,70,,252,,HP,70,,,,,,,,,,,,
,,,,ATK,110,,4,,ATK,119,,252,,ATK,150,,252,,ATK,120,,252,,,,,,,,,,
,,,,DEF,90,,252,,DEF,90,,4,,DEF,140,,4,,DEF,60,,4,,,,,,,,,,
,,,,SPA,85,,,,SPA,54,,,,SPA,65,,,,SPA,120,,,,,,,,,,,,
,,,,SPD,90,,,,SPD,67,,,,SPD,100,,,,SPD,60,,,,,,,,,,,,
,,IF YOU'RE,,SPE,60,,,,SPE,90,,252,,SPE,75,,,,SPE,55,,252,,,,,,,,,,
,,LEVEL 68 ->>,,SPEED STAT:,,,90,,SPEED STAT:,,,194,,SPEED STAT:,,,119,,SPEED STAT:,,,146,,,,,,,,,,
,,,,,,,,,,,,,,,,,,,SAND RUSH:,,,292,,,,,,,,,,
,,,,,,,,,,,,,,,,,,,,,,,,,,,,,,,,
,,,,,,,,,,,,,,,,,,,,,,,,,,,,,,,,
,,,,BATTLE EFFECT: PERMANENT SANDSTORM,,,,,,,,,,,,,,,,,,,,,,,,,,,,
,,,,,,,,,,,,,,,,,,,,,,,,,,,,,,,,
,,"ROUTE 16
BIKER
HIDEO",,Stunfisk,,,,,Dracovish,,,,,Beedrill-Mega,,,,,Greninja,,,,,Aron,,,,,,,,
,,,,Highest Lv -4,,,,,Highest Lv -5,,,,,Highest Lv -5,,,,,Highest Lv -5,,,,,1,,,,,,,,
,,,,,,,,,,,,,,,,,,,,,,,,,,,,,,,,
,,,,,,,,,,,,,,,,,,,,,,,,,,,,,,,,
,,,,Calm,,,,,Jolly,,,,,Jolly,,,,,Naive,,,,,Bashful,,,,,,,,
,,,,Sand Veil,,,,,Sand Rush,,,,,"Swarm
Adaptability",,,,,Protean,,,,,Sturdy,,,,,,,,
,,,,Focus Sash,,,,,Mystic Water,,,,,Beedrillite,,,,,Life Orb,,,,,Shell Bell,,,,,,,,
,,,,Stealth Rock,,,,,Fishious Rend,,,,,U-Turn,,,,,U-Turn,,,,,Endeavor,,,,,,,,
,,,,Thunder Wave,,,,,Dragon Claw,,,,,Drill Run,,,,,Hydro Pump,,,,,-,,,,,,,,
,,,,Earth Power,,,,,Psychic Fangs,,,,,Poison Jab,,,,,Gunk Shot,,,,,-,,,,,,,,
,,,,Volt Switch,,,,,Crunch,,,,,Pursuit,,,,,Ice Beam,,,,,-,,,,,,,,
,,,,,,,,,,,,,,,,,,,,,,,,,,,,,,,,
,,,,BASE STATS,,,EVs,,BASE STATS,,,EVs,,BASE STATS,,,EVs,,BASE STATS,,,EVs,,BASE STATS,,,EVs,,,,,
,,,,HP,109,,252,,HP,90,,,,HP,65,,,,HP,72,,,,HP,50,,,,,,,
,,,,ATK,66,,,,ATK,90,,252,,ATK,150,,252,,ATK,95,,,,ATK,70,,,,,,,
,,,,DEF,84,,,,DEF,100,,,,DEF,40,,,,DEF,67,,,,DEF,100,,,,,,,
,,,,SPA,81,,252,,SPA,70,,,,SPA,15,,,,SPA,103,,252,,SPA,40,,,,,,,
,,,,SPD,99,,4,,SPD,80,,4,,SPD,80,,4,,SPD,71,,4,,SPD,40,,,,,,,
,,IF YOU'RE,,SPE,32,,,,SPE,75,,252,,SPE,145,,252,,SPE,122,,252,,SPE,30,,,,,,,
,,LEVEL 68 ->>,,SPEED STAT:,,,65,,SPEED STAT:,,,173,,SPEED STAT:,,,270,,SPEED STAT:,,,238,,SPEED STAT:,,,5,,,,,
,,,,,,,,,SAND RUSH:,,,346,,,,,,,,,,,,,,,,,,,,
,,,,,,,,,,,,,,,,,,,,,,,,,,,,,,,,
,,,,,,,,,,,,,,,,,,,,,,,,,,,,,,,,
,,,,BATTLE EFFECT: PERMANENT RAIN,,,,,,,,,,,,,,,,,,,,,,,,,,,,
,,,,,,,,,,,,,,,,,,,,,,,,,,,,,,,,
,,"ROUTE 18
BIKER
WILLIAM",,Magnezone,,,,,Whiscash,,,,,Salamence,,,,,Starmie,,,,,,,,,,,,,
,,,,Highest Lv -5,,,,,Highest Lv -5,,,,,Highest Lv -5,,,,,Highest Lv -5,,,,,,,,,,,,,
,,,,,,,,,,,,,,,,,,,,,,,,,,,,,,,,
,,,,,,,,,,,,,,,,,,,,,,,,,,,,,,,,
,,,,Naive,,,,,Jolly,,,,,Naive,,,,,Timid,,,,,,,,,,,,,
,,,,Sturdy,,,,,Cash Splash,,,,,Intimidate,,,,,Analytic,,,,,,,,,,,,,
,,,,Custap Berry,,,,,Rindo Berry,,,,,Yache Berry,,,,,Life Orb,,,,,,,,,,,,,
,,,,Thunder,,,,,Dragon Dance,,,,,Hurricane,,,,,Flip Turn,,,,,,,,,,,,,
,,,,Volt Switch,,,,,Waterfall,,,,,Dragon Pulse,,,,,Hydro Pump,,,,,,,,,,,,,
,,,,Explosion,,,,,Earthquake,,,,,Hydro Pump,,,,,Thunder,,,,,,,,,,,,,
,,,,Body Press,,,,,Bounce,,,,,Earthquake,,,,,Psychic,,,,,,,,,,,,,
,,,,,,,,,,,,,,,,,,,,,,,,,,,,,,,,
,,,,BASE STATS,,,EVs,,BASE STATS,,,EVs,,BASE STATS,,,EVs,,BASE STATS,,,EVs,,,,,,,,,,
,,,,HP,70,,,,HP,110,,,,HP,95,,,,HP,60,,,,,,,,,,,,
,,,,ATK,70,,4,,ATK,78,,252,,ATK,135,,4,,ATK,75,,,,,,,,,,,,
,,,,DEF,115,,,,DEF,73,,4,,DEF,80,,,,DEF,85,,4,,,,,,,,,,
,,,,SPA,130,,252,,SPA,76,,,,SPA,110,,252,,SPA,100,,252,,,,,,,,,,
,,,,SPD,90,,,,SPD,71,,,,SPD,80,,,,SPD,85,,,,,,,,,,,,
,,IF YOU'RE,,SPE,60,,252,,SPE,60,,252,,SPE,100,,252,,SPE,115,,252,,,,,,,,,,
,,LEVEL 68 ->>,,SPEED STAT:,,,152,,SPEED STAT:,,,152,,SPEED STAT:,,,209,,SPEED STAT:,,,229,,,,,,,,,,
,,,,,,,,,,,,,,,,,,,,,,,,,,,,,,,,
,,,,,,,,,,,,,,,,,,,,,,,,,,,,,,,,
,,,,BATTLE EFFECT: PERMANENT RAIN,,,,,,,,,,,,,,,,,,,,,,,,,,,,
,,,,,,,,,,,,,,,,,,,,,,,,,,,,,,,,
,,"ROUTE 18
BIRD KEEPER
JACOB",,Cramorant,,,,,Decidueye,,,,,Mantine,,,,,Nidoqueen,,,,,,,,,,,,,
,,,,Highest Lv -2,,,,,Highest Lv -5,,,,,Highest Lv -5,,,,,Highest Lv -5,,,,,,,,,,,,,
,,,,,,,,,,,,,,,,,,,,,,,,,,,,,,,,
,,,,,,,,,,,,,,,,,,,,,,,,,,,,,,,,
,,,,Timid,,,,,Naive,,,,,Modest,,,,,Timid,,,,,,,,,,,,,
,,,,Gulp Missile,,,,,Tinted Lens,,,,,Swift Swim,,,,,Sheer Force,,,,,,,,,,,,,
,,,,Focus Sash,,,,,Spell Tag,,,,,Sharp Beak,,,,,Life Orb,,,,,,,,,,,,,
,,,,Surf,,,,,U-Turn,,,,,Hydro Pump,,,,,Thunder,,,,,,,,,,,,,
,,,,Hurricane,,,,,Hurricane,,,,,Ice Beam,,,,,Earth Power,,,,,,,,,,,,,
,,,,Ice Beam,,,,,Spirit Shackle,,,,,Flip Turn,,,,,Sludge Wave,,,,,,,,,,,,,
,,,,Roost,,,,,Leaf Blade,,,,,Hurricane,,,,,Bubble Beam,,,,,,,,,,,,,
,,,,,,,,,,,,,,,,,,,,,,,,,,,,,,,,
,,,,BASE STATS,,,EVs,,BASE STATS,,,EVs,,BASE STATS,,,EVs,,BASE STATS,,,EVs,,,,,,,,,,
,,,,HP,85,,,,HP,78,,,,HP,85,,,,HP,90,,252,,,,,,,,,,
,,,,ATK,85,,,,ATK,107,,252,,ATK,40,,,,ATK,92,,,,,,,,,,,,
,,,,DEF,65,,4,,DEF,75,,4,,DEF,70,,,,DEF,87,,,,,,,,,,,,
,,,,SPA,100,,252,,SPA,95,,,,SPA,90,,252,,SPA,75,,252,,,,,,,,,,
,,,,SPD,95,,,,SPD,85,,,,SPD,140,,4,,SPD,85,,4,,,,,,,,,,
,,IF YOU'RE,,SPE,105,,252,,SPE,100,,252,,SPE,70,,252,,SPE,76,,,,,,,,,,,,
,,LEVEL 68 ->>,,SPEED STAT:,,,225,,SPEED STAT:,,,209,,SPEED STAT:,,,152,,SPEED STAT:,,,132,,,,,,,,,,
,,,,,,,,,,,,,,SWIFT SWIM:,,,304,,,,,,,,,,,,,,,
,,,,,,,,,,,,,,,,,,,,,,,,,,,,,,,,
,,,,,,,,,,,,,,,,,,,,,,,,,,,,,,,,
,,,,BATTLE EFFECT: DOUBLES + PERMANENT RAIN,,,,,,,,,,,,,,,,,,,,,,,,,,,,
,,,,,,,,,,,,,,,,,,,,,,,,,,,,,,,,
,,"ROUTE 18
DRAGON TAMER
RAMIRO",,Pikachu-Surfing,,,,,Milotic,,,,,Lapras-Mega,,,,,Goodra-H,,,,,,,,,,,,,
,,,,Highest Lv -4,,,,,Highest Lv -4,,,,,Highest Lv -4,,,,,Highest Lv -4,,,,,,,,,,,,,
,,,,,,,,,,,,,,,,,,,,,,,,,,,,,,,,
,,,,,,,,,,,,,,,,,,,,,,,,,,,,,,,,
,,,,Timid,,,,,Modest,,,,,Modest,,,,,Modest,,,,,,,,,,,,,
,,,,Lightning Rod,,,,,Competitive,,,,,"Water Absorb
Liquid Voice",,,,,Gooey,,,,,,,,,,,,,
,,,,Focus Sash,,,,,Sitrus Berry,,,,,Laprasite,,,,,Assault Vest,,,,,,,,,,,,,
,,,Bouncy Bubble,Bouncy Bubble,,,,Bouncy Bubble,Bouncy Bubble,,,,Bouncy Bubble,Boomburst,,,,Bouncy Bubble,Surf,,,,,,,,,,,,,
,,,Thunder,Thunder,,,,Thunder,Ice Beam,,,,Thunder,Dragon Pulse,,,,Thunder,Dragon Pulse,,,,,,,,,,,,,
,,,Fake Out,Fake Out,,,,Fake Out,Mirror Coat,,,,Fake Out,Thunder,,,,Fake Out,Flash Cannon,,,,,,,,,,,,,
,,,Electroweb,Electroweb,,,,Electroweb,HP Grass,,,,Electroweb,Freeze-Dry,,,,Electroweb,Thunder,,,,,,,,,,,,,
,,,,,,,,,,,,,,,,,,,,,,,,,,,,,,,,
,,,,BASE STATS,,,EVs,,BASE STATS,,,EVs,,BASE STATS,,,EVs,,BASE STATS,,,EVs,,,,,,,,,,
,,,,HP,35,,,,HP,95,,252,,HP,130,,252,,HP,80,,252,,,,,,,,,,
,,,,ATK,55,,,,ATK,60,,,,ATK,105,,,,ATK,100,,,,,,,,,,,,
,,,,DEF,40,,,,DEF,84,,4,,DEF,90,,4,,DEF,100,,4,,,,,,,,,,
,,,,SPA,50,,252,,SPA,100,,252,,SPA,115,,252,,SPA,110,,,,,,,,,,,,
,,,,SPD,50,,4,,SPD,125,,,,SPD,105,,,,SPD,150,,,,,,,,,,,,
,,IF YOU'RE,,SPE,90,,252,,SPE,86,,,,SPE,70,,,,SPE,60,,,,,,,,,,,,
,,LEVEL 68 ->>,,SPEED STAT:,,,198,,SPEED STAT:,,,134,,SPEED STAT:,,,114,,SPEED STAT:,,,100,,,,,,,,,,
,,,,,,,,,,,,,,,,,,,,,,,,,,,,,,,,
,,,,,,,,,,,,,,,,,,,,,,,,,,,,,,,,
,,,,BATTLE EFFECT: PERMANENT RAIN,,,,,,,,,,,,,,,,,,,,,,,,,,,,
,,,,,,,,,,,,,,,,,,,,,,,,,,,,,,,,
,,"ROUTE 18
ACE TRAINER
WILTON",,Dragapult,,,,,Kilowattrel,,,,,Pinsir-Mega,,,,,Omastar,,,,,,,,,,,,,
,,,,Highest Lv -5,,,,,Highest Lv -5,,,,,Highest Lv -5,,,,,Highest Lv -5,,,,,,,,,,,,,
,,,,,,,,,,,,,,,,,,,,,,,,,,,,,,,,
,,,,,,,,,,,,,,,,,,,,,,,,,,,,,,,,
,,,,Timid,,,,,Timid,,,,,Jolly,,,,,Modest,,,,,,,,,,,,,
,,,,Stalwart,,,,,Volt Absorb,,,,,"Hyper Cutter
Aerilate",,,,,Swift Swim,,,,,,,,,,,,,
,,,,Focus Sash,,,,,Sharp Beak,,,,,Pinsirite,,,,,White Herb,,,,,,,,,,,,,
,,,,Shadow Ball,,,,,Hurricane,,,,,X-Scissor,,,,,Shell Smash,,,,,,,,,,,,,
,,,,Thunder,,,,,Thunder,,,,,Double-Edge,,,,,Hydro Pump,,,,,,,,,,,,,
,,,,Draco Meteor,,,,,Weather Ball,,,,,Quick Attack,,,,,Ice Beam,,,,,,,,,,,,,
,,,,U-Turn,,,,,Volt Switch,,,,,Close Combat,,,,,Power Gem,,,,,,,,,,,,,
,,,,,,,,,,,,,,,,,,,,,,,,,,,,,,,,
,,,,BASE STATS,,,EVs,,BASE STATS,,,EVs,,BASE STATS,,,EVs,,BASE STATS,,,EVs,,,,,,,,,,
,,,,HP,88,,,,HP,70,,,,HP,65,,,,HP,70,,,,,,,,,,,,
,,,,ATK,120,,,,ATK,70,,,,ATK,155,,252,,ATK,60,,,,,,,,,,,,
,,,,DEF,75,,,,DEF,60,,4,,DEF,120,,4,,DEF,125,,4,,,,,,,,,,
,,,,SPA,100,,252,,SPA,105,,252,,SPA,65,,,,SPA,115,,252,,,,,,,,,,
,,,,SPD,75,,4,,SPD,60,,,,SPD,90,,,,SPD,70,,,,,,,,,,,,
,,IF YOU'RE,,SPE,142,,252,,SPE,125,,252,,SPE,105,,252,,SPE,55,,252,,,,,,,,,,
,,LEVEL 68 ->>,,SPEED STAT:,,,267,,SPEED STAT:,,,243,,SPEED STAT:,,,215,,SPEED STAT:,,,133,,,,,,,,,,
,,,,,,,,,,,,,,,,,,,SWIFT SWIM:,,,266,,,,,,,,,,
,,,,,,,,,,,,,,,,,,,,,,,,,,,,,,,,
,,,,,,,,,,,,,,,,,,,,,,,,,,,,,,,,
,,,,BATTLE EFFECT: PERMANENT SUN,,,,,,,,,,,,,,,,,,,,,,,,,,,,
,,,,,,,,,,,,,,,,,,,,,,,,,,,,,,,,
,,"CINNABAR GYM
ACE TRAINER
DEREK",,Mienshao,,,,,Arcanine-H,,,,,Rhyperior,,,,,Centiskorch-Mega,,,,,Sunflora,,,,,,,,
,,,,Highest Lv -4,,,,,Highest Lv -5,,,,,Highest Lv -5,,,,,Highest Lv -4,,,,,Highest Lv -4,,,,,,,,
,,,,,,,,,,,,,,,,,,,,,,,,,,,,,,,,
,,,,,,,,,,,,,,,,,,,,,,,,,,,,,,,,
,,,,Jolly,,,,,Jolly,,,,,Adamant,,,,,Adamant,,,,,Timid,,,,,,,,
,,,,Inner Focus,,,,,Rock Head,,,,,Solid Rock,,,,,"Flash Fire
Mountaineer",,,,,Chlorophyll,,,,,,,,
,,,,Life Orb,,,,,Charcoal,,,,,Hard Stone,,,,,Centiskite,,,,,Focus Sash,,,,,,,,
,,,,Fake Out,,,,,Head Smash,,,,,Stone Edge,,,,,Flare Blitz,,,,,Growth,,,,,,,,
,,,,Close Combat,,,,,Flare Blitz,,,,,Earthquake,,,,,Leech Life,,,,,Solar Beam,,,,,,,,
,,,,U-Turn,,,,,Wild Charge,,,,,Fire Punch,,,,,Power Whip,,,,,Flamethrower,,,,,,,,
,,,,Knock Off,,,,,Accelerock,,,,,Megahorn,,,,,Knock Off,,,,,HP Rock,,,,,,,,
,,,,,,,,,,,,,,,,,,,,,,,,,,,,,,,,
,,,,BASE STATS,,,EVs,,BASE STATS,,,EVs,,BASE STATS,,,EVs,,BASE STATS,,,EVs,,BASE STATS,,,EVs,,,,,
,,,,HP,65,,,,HP,95,,,,HP,115,,252,,HP,100,,252,,HP,95,,,,,,,
,,,,ATK,125,,252,,ATK,125,,252,,ATK,140,,252,,ATK,150,,252,,ATK,75,,,,,,,
,,,,DEF,60,,4,,DEF,80,,4,,DEF,130,,4,,DEF,80,,4,,DEF,55,,4,,,,,
,,,,SPA,95,,,,SPA,85,,,,SPA,55,,,,SPA,90,,,,SPA,135,,252,,,,,
,,,,SPD,60,,,,SPD,80,,,,SPD,55,,,,SPD,110,,,,SPD,85,,,,,,,
,,IF YOU'RE,,SPE,105,,252,,SPE,90,,252,,SPE,40,,,,SPE,85,,,,SPE,55,,252,,,,,
,,LEVEL 76 ->>,,SPEED STAT:,,,245,,SPEED STAT:,,,218,,SPEED STAT:,,,83,,SPEED STAT:,,,149,,SPEED STAT:,,,166,,,,,
,,,,,,,,,,,,,,,,,,,,,,,,CHLOROPHY.:,,,332,,,,,
,,,,,,,,,,,,,,,,,,,,,,,,,,,,,,,,
,,,,,,,,,,,,,,,,,,,,,,,,,,,,,,,,
,,,,BATTLE EFFECT: PERMANENT SUN,,,,,,,,,,,,,,,,,,,,,,,,,,,,
,,,,,,,,,,,,,,,,,,,,,,,,,,,,,,,,
,,"CINNABAR GYM
ACE TRAINER
LUCY",,Lycanroc,,,,,Darmanitan-GZ,,,,,Gliscor,,,,,Ursaluna,,,,,Charizard,,,,,,,,
,,,,Highest Lv -5,,,,,Highest Lv -5,,,,,Highest Lv -5,,,,,Highest Lv -4,,,,,Highest Lv -5,,,,,,,,
,,,,,,,,,,,,,,,,,,,,,,,,,,,,,,,,
,,,,,,,,,,,,,,,,,,,,,,,,,,,,,,,,
,,,,Jolly,,,,,Jolly,,,,,Jolly,,,,,Adamant,,,,,Timid,,,,,,,,
,,,,Steadfast,,,,,Zen Mode,,,,,Poison Heal,,,,,Guts,,,,,Solar Power,,,,,,,,
,,,,Focus Sash,,,,,Life Orb,,,,,Toxic Orb,,,,,Flame Orb,,,,,Firium Z,,,,,,,,
,,,,Stealth Rock,,,,,Flare Blitz,,,,,Swords Dance,,,,,Headlong Rush,,,,,Fire Blast,,,,,,,,
,,,,Endeavor,,,,,U-Turn,,,,,Earthquake,,,,,Facade,,,,,Solar Beam,,,,,,,,
,,,,Accelerock,,,,,Icicle Crash,,,,,Dual Wingbeat,,,,,Close Combat,,,,,Air Slash,,,,,,,,
,,,,Rock Tomb,,,,,Earthquake,,,,,Facade,,,,,Knock Off,,,,,Scorch. Sands,,,,,,,,
,,,,,,,,,,,,,,,,,,,,,,,,,,,,,,,,
,,,,BASE STATS,,,EVs,,BASE STATS,,,EVs,,BASE STATS,,,EVs,,BASE STATS,,,EVs,,BASE STATS,,,EVs,,,,,
,,,,HP,75,,,,HP,105,,,,HP,75,,,,HP,130,,,,HP,78,,,,,,,
,,,,ATK,115,,252,,ATK,160,,252,,ATK,95,,252,,ATK,140,,252,,ATK,84,,,,,,,
,,,,DEF,65,,4,,DEF,55,,4,,DEF,125,,,,DEF,105,,4,,DEF,78,,4,,,,,
,,,,SPA,55,,,,SPA,30,,,,SPA,45,,,,SPA,45,,,,SPA,109,,252,,,,,
,,,,SPD,65,,,,SPD,55,,,,SPD,75,,,,SPD,80,,,,SPD,85,,,,,,,
,,IF YOU'RE,,SPE,112,,252,,SPE,135,,252,,SPE,95,,252,,SPE,50,,252,,SPE,100,,252,,,,,
,,LEVEL 76 ->>,,SPEED STAT:,,,253,,SPEED STAT:,,,289,,SPEED STAT:,,,226,,SPEED STAT:,,,144,,SPEED STAT:,,,234,,,,,
,,,,,,,,,,,,,,,,,,,,,,,,,,,,,,,,
,,,,,,,,,,,,,,,,,,,,,,,,,,,,,,,,
,,,,BATTLE EFFECT: DOUBLES + PERMANENT SUN,,,,,,,,,,,,,,,,,,,,,,,,,,,,
,,,,,,,,,,,,,,,,,,,,,,,,,,,,,,,,
,,"CINNABAR GYM
ACE TRAINER
ZAC",,Nidoking,,,,,Noivern,,,,,Braviary-H,,,,,Excadrill,,,,,Volcarona,,,,,,,,
,,,,Highest Lv -4,,,,,Highest Lv -5,,,,,Highest Lv -4,,,,,Highest Lv -5,,,,,Highest Lv -4,,,,,,,,
,,,,,,,,,,,,,,,,,,,,,,,,,,,,,,,,
,,,,,,,,,,,,,,,,,,,,,,,,,,,,,,,,
,,,,Timid,,,,,Naive,,,,,Modest,,,,,Adamant,,,,,Timid,,,,,,,,
,,,,Sheer Force,,,,,Infiltrator,,,,,Tinted Lens,,,,,Mold Breaker,,,,,Flame Body,,,,,,,,
,,,,Life Orb,,,,,Focus Sash,,,,,Life Orb,,,,,Soft Sand,,,,,Charcoal,,,,,,,,
,,,,Earth Power,,,,,Heat Wave,,,,,Air Slash,,,,,High Horsep.,,,,,Fire Blast,,,,,,,,
,,,,Sludge Wave,,,,,Tailwind,,,,,Heat Wave,,,,,Iron Head,,,,,Bug Buzz,,,,,,,,
,,,,Fire Blast,,,,,Aeroblast,,,,,Shadow Ball,,,,,Rapid Spin,,,,,Giga Drain,,,,,,,,
,,,,Ice Beam,,,,,Dragon Pulse,,,,,Esper Wing,,,,,Rock Slide,,,,,Psychic,,,,,,,,
,,,,,,,,,,,,,,,,,,,,,,,,,,,,,,,,
,,,,BASE STATS,,,EVs,,BASE STATS,,,EVs,,BASE STATS,,,EVs,,BASE STATS,,,EVs,,BASE STATS,,,EVs,,,,,
,,,,HP,81,,,,HP,85,,,,HP,115,,,,HP,110,,,,HP,85,,,,,,,
,,,,ATK,102,,,,ATK,70,,,,ATK,58,,,,ATK,135,,252,,ATK,60,,,,,,,
,,,,DEF,77,,4,,DEF,80,,4,,DEF,80,,4,,DEF,60,,4,,DEF,65,,4,,,,,
,,,,SPA,85,,252,,SPA,102,,252,,SPA,112,,252,,SPA,50,,,,SPA,135,,252,,,,,
,,,,SPD,75,,,,SPD,80,,,,SPD,80,,,,SPD,65,,,,SPD,105,,,,,,,
,,IF YOU'RE,,SPE,85,,252,,SPE,123,,252,,SPE,65,,252,,SPE,88,,252,,SPE,100,,252,,,,,
,,LEVEL 76 ->>,,SPEED STAT:,,,214,,SPEED STAT:,,,270,,SPEED STAT:,,,166,,SPEED STAT:,,,196,,SPEED STAT:,,,237,,,,,
,,,,,,,,,,,,,,,,,,,,,,,,,,,,,,,,
,,,,,,,,,,,,,,,,,,,,,,,,,,,,,,,,
,,,,,,,,,,,,,,,,,,,,,,,,,,,,,,,,
,,"VICTORY ROAD
ACE TRAINER
NAOMI",,Maushold,,,,,Veluza,,,,,Shedinja,,,,,Absol-Mega,,,,,Galvantula,,,,,,,,
,,,,Highest Lv -4,,,,,Highest Lv -4,,,,,Highest Lv -4,,,,,Highest Lv -4,,,,,Highest Lv -4,,,,,,,,
,,,,,,,,,,,,,,,,,,,,,,,,,,,,,,,,
,,,,,,,,,,,,,,,,,,,,,,,,,,,,,,,,
,,,,Jolly,,,,,Jolly,,,,,Adamant,,,,,Naive,,,,,Timid,,,,,,,,
,,,,Technician,,,,,Sharpness,,,,,Wonder Guard,,,,,"Super Luck
Sharpness",,,,,Compound Eyes,,,,,,,,
,,,,Wide Lens,,,,,Sitrus Berry,,,,,Focus Sash,,,,,Absolite,,,,,Focus Sash,,,,,,,,
,,,,Popula. Bomb,,,,,Fillet Away,,,,,Will-O-Wisp,,,,,Night Slash,,,,,Volt Switch,,,,,,,,
,,,,Bullet Seed,,,,,Aqua Cutter,,,,,Poltergeist,,,,,Sucker Punch,,,,,Energy Ball,,,,,,,,
,,,,U-Turn,,,,,Psycho Cut,,,,,Shadow Sneak,,,,,Play Rough,,,,,Bug Buzz,,,,,,,,
,,,,Beat Up,,,,,Aqua Jet,,,,,X-Scissor,,,,,Psycho Cut,,,,,Thunder,,,,,,,,
,,,,,,,,,,,,,,,,,,,,,,,,,,,,,,,,
,,,,BASE STATS,,,EVs,,BASE STATS,,,EVs,,BASE STATS,,,EVs,,BASE STATS,,,EVs,,BASE STATS,,,EVs,,,,,
,,,,HP,74,,,,HP,95,,,,HP,1,,,,HP,65,,,,HP,70,,,,,,,
,,,,ATK,75,,252,,ATK,102,,252,,ATK,90,,252,,ATK,150,,252,,ATK,77,,,,,,,
,,,,DEF,70,,4,,DEF,83,,4,,DEF,45,,4,,DEF,60,,4,,DEF,60,,4,,,,,
,,,,SPA,65,,,,SPA,78,,,,SPA,30,,,,SPA,115,,,,SPA,97,,252,,,,,
,,,,SPD,75,,,,SPD,75,,,,SPD,30,,,,SPD,60,,,,SPD,60,,,,,,,
,,IF YOU'RE,,SPE,111,,252,,SPE,70,,252,,SPE,40,,252,,SPE,115,,252,,SPE,108,,252,,,,,
,,LEVEL 85 ->>,,SPEED STAT:,,,286,,SPEED STAT:,,,213,,SPEED STAT:,,,145,,SPEED STAT:,,,293,,SPEED STAT:,,,281,,,,,
,,,,,,,,,,,,,,,,,,,,,,,,,,,,,,,,
,,,,,,,,,,,,,,,,,,,,,,,,,,,,,,,,
,,,,,,,,,,,,,,,,,,,,,,,,,,,,,,,,
,,"VICTORY ROAD
ACE TRAINER
ROLANDO",,Cyclizar,,,,,Flygon,,,,,Crobat,,,,,Kingler-Mega,,,,,Hatterene,,,,,,,,
,,,,Highest Lv -4,,,,,Highest Lv -4,,,,,Highest Lv -4,,,,,Highest Lv -4,,,,,Highest Lv -4,,,,,,,,
,,,,,,,,,,,,,,,,,,,,,,,,,,,,,,,,
,,,,,,,,,,,,,,,,,,,,,,,,,,,,,,,,
,,,,Jolly,,,,,Jolly,,,,,Timid,,,,,Jolly,,,,,Modest,,,,,,,,
,,,,Regenerator,,,,,Levitate,,,,,Sniper,,,,,"Hyper Cutter
Tough Claws",,,,,Magic Bounce,,,,,,,,
,,,,Sitrus Berry,,,,,Life Orb,,,,,Sitrus Berry,,,,,Kinglerite,,,,,Leftovers,,,,,,,,
,,,,Shed Tail,,,,,Dragon Dance,,,,,Nasty Plot,,,,,Crabhammer,,,,,Calm Mind,,,,,,,,
,,,,Knock Off,,,,,Earthquake,,,,,Hurricane,,,,,Close Combat,,,,,Draining Kiss,,,,,,,,
,,,,Body Slam,,,,,Dragon Claw,,,,,Heat Wave,,,,,Ice Hammer,,,,,Psyshock,,,,,,,,
,,,,Dragon Claw,,,,,Fire Punch,,,,,Giga Drain,,,,,Swords Dance,,,,,Mystical Fire,,,,,,,,
,,,,,,,,,,,,,,,,,,,,,,,,,,,,,,,,
,,,,BASE STATS,,,EVs,,BASE STATS,,,EVs,,BASE STATS,,,EVs,,BASE STATS,,,EVs,,BASE STATS,,,EVs,,,,,
,,,,HP,70,,252,,HP,100,,,,HP,85,,,,HP,55,,,,HP,57,,252,,,,,
,,,,ATK,95,,,,ATK,100,,252,,ATK,90,,,,ATK,150,,252,,ATK,90,,,,,,,
,,,,DEF,65,,4,,DEF,80,,4,,DEF,80,,4,,DEF,125,,4,,DEF,95,,4,,,,,
,,,,SPA,85,,,,SPA,100,,,,SPA,90,,252,,SPA,50,,,,SPA,136,,,,,,,
,,,,SPD,65,,,,SPD,80,,,,SPD,80,,,,SPD,70,,,,SPD,103,,,,,,,
,,IF YOU'RE,,SPE,121,,252,,SPE,100,,252,,SPE,130,,252,,SPE,110,,252,,SPE,29,,252,,,,,
,,LEVEL 85 ->>,,SPEED STAT:,,,304,,SPEED STAT:,,,267,,SPEED STAT:,,,320,,SPEED STAT:,,,284,,SPEED STAT:,,,77,,,,,
,,,,,,,,,,,,,,,,,,,,,,,,,,,,,,,,
,,,,,,,,,,,,,,,,,,,,,,,,,,,,,,,,
,,,,,,,,,,,,,,,,,,,,,,,,,,,,,,,,
,,"VICTORY ROAD
ACE TRAINER
GEORGE",,Exeggutor-A,,,,,Donphan,,,,,Cloyster,,,,,Mienshao,,,,,Pinsir-Mega,,,,,,,,
,,,,83,,,,,84,,,,,84,,,,,84,,,,,84,,,,,,,,
,,,,,,,,,,,,,,,,,,,,,,,,,,,,,,,,
,,,,,,,,,,,,,,,,,,,,,,,,,,,,,,,,
,,,,Modest,,,,,Adamant,,,,,Jolly,,,,,Jolly,,,,,Jolly,,,,,,,,
,,,,Chlorophyll,,,,,Technician,,,,,Skill Link,,,,,Regenerator,,,,,"Mold Breaker
Aerilate",,,,,,,,
,,,,Miracle Seed,,,,,Leftovers,,,,,White Herb,,,,,Life Orb,,,,,Pinsirite,,,,,,,,
,,,,Sleep Powder,,,,,Bonemerang,,,,,Rock Blast,,,,,Fake Out,,,,,Quick Attack,,,,,,,,
,,,,Giga Drain,,,,,Ice Shard,,,,,Icicle Spear,,,,,Close Combat,,,,,X-Scissor,,,,,,,,
,,,,Dragon Pulse,,,,,Rock Blast,,,,,Liquidation,,,,,U-Turn,,,,,Double-Edge,,,,,,,,
,,,,Flamethrower,,,,,Knock Off,,,,,Shell Smash,,,,,Knock Off,,,,,Close Combat,,,,,,,,
,,,,,,,,,,,,,,,,,,,,,,,,,,,,,,,,
,,,,BASE STATS,,,EVs,,BASE STATS,,,EVs,,BASE STATS,,,EVs,,BASE STATS,,,EVs,,BASE STATS,,,EVs,,,,,
,,,,HP,95,,252,,HP,90,,252,,HP,50,,6,,HP,65,,6,,HP,65,,6,,,,,
,,,,ATK,105,,,,ATK,120,,252,,ATK,95,,252,,ATK,125,,252,,ATK,155,,252,,,,,
,,,,DEF,85,,,,DEF,120,,,,DEF,180,,,,DEF,60,,,,DEF,120,,,,,,,
,,,,SPA,125,,252,,SPA,60,,,,SPA,85,,,,SPA,95,,,,SPA,65,,,,,,,
,,,,SPD,75,,,,SPD,60,,,,SPD,45,,,,SPD,60,,,,SPD,90,,,,,,,
,,,,SPE,45,,6,,SPE,50,,6,,SPE,70,,252,,SPE,105,,252,,SPE,105,,252,,,,,
,,,,SPEED STAT:,,,106,,SPEED STAT:,,,115,,SPEED STAT:,,,221,,SPEED STAT:,,,286,,SPEED STAT:,,,286,,,,,
,,,,,,,,,,,,,,,,,,,,,,,,,,,,,,,,
,,,,,,,,,,,,,,,,,,,,,,,,,,,,,,,,
,,,,,,,,,,,,,,,,,,,,,,,,,,,,,,,,
,,"VICTORY ROAD
ACE TRAINER
CAROLINE",,Bellossom,,,,,Parasect,,,,,Vileplume,,,,,Amoonguss,,,,,Lopunny-Mega,,,,,,,,
,,,,83,,,,,83,,,,,83,,,,,83,,,,,84,,,,,,,,
,,,,,,,,,,,,,,,,,,,,,,,,,,,,,,,,
,,,,,,,,,,,,,,,,,,,,,,,,,,,,,,,,
,,,,Timid,,,,,Adamant,,,,,Calm,,,,,Impish,,,,,Jolly,,,,,,,,
,,,,Chlorophyll,,,,,Dry Skin,,,,,Chlorophyll,,,,,Regenerator,,,,,"Cute Charm
Scrappy",,,,,,,,
,,,,Leftovers,,,,,Focus Sash,,,,,Black Sludge,,,,,Black Sludge,,,,,Lopunnite,,,,,,,,
,,,,Sleep Powder,,,,,Spore,,,,,Sludge Bomb,,,,,Spore,,,,,Close Combat,,,,,,,,
,,,,Quiver Dance,,,,,Leaf Blade,,,,,Giga Drain,,,,,Foul Play,,,,,Frustration,,,,,,,,
,,,,Strength Sap,,,,,Leech Life,,,,,Sleep Powder,,,,,Giga Drain,,,,,Fake Out,,,,,,,,
,,,,Moonblast,,,,,Crabhammer,,,,,Strength Sap,,,,,Clear Smog,,,,,Quick Attack,,,,,,,,
,,,,,,,,,,,,,,,,,,,,,,,,,,,,,,,,
,,,,BASE STATS,,,EVs,,BASE STATS,,,EVs,,BASE STATS,,,EVs,,BASE STATS,,,EVs,,BASE STATS,,,EVs,,,,,
,,,,HP,75,,252,,HP,80,,252,,HP,75,,252,,HP,114,,252,,HP,65,,6,,,,,
,,,,ATK,80,,,,ATK,110,,252,,ATK,80,,,,ATK,85,,,,ATK,136,,252,,,,,
,,,,DEF,95,,,,DEF,100,,,,DEF,85,,128,,DEF,70,,128,,DEF,94,,,,,,,
,,,,SPA,90,,4,,SPA,60,,,,SPA,110,,,,SPA,85,,,,SPA,54,,,,,,,
,,,,SPD,100,,,,SPD,80,,,,SPD,90,,128,,SPD,80,,128,,SPD,96,,,,,,,
,,IF YOU'RE,,SPE,50,,252,,SPE,30,,6,,SPE,50,,4,,SPE,30,,4,,SPE,135,,252,,,,,
,,LEVEL 85 ->>,,SPEED STAT:,,,182,,SPEED STAT:,,,81,,SPEED STAT:,,,114,,SPEED STAT:,,,81,,SPEED STAT:,,,341,,,,,
,,,,,,,,,,,,,,,,,,,,,,,,,,,,,,,,
,,,,,,,,,,,,,,,,,,,,,,,,,,,,,,,,
,,,,,,,,,,,,,,,,,,,,,,,,,,,,,,,,
,,"VICTORY ROAD
ACE TRAINER
COLBY",,Feraligatr,,,,,Swanna,,,,,Walrein,,,,,Sharpedo-Mega,,,,,Empoleon,,,,,,,,
,,,,83,,,,,83,,,,,83,,,,,84,,,,,84,,,,,,,,
,,,,,,,,,,,,,,,,,,,,,,,,,,,,,,,,
,,,,,,,,,,,,,,,,,,,,,,,,,,,,,,,,
,,,,Jolly,,,,,Timid,,,,,Calm,,,,,Jolly,,,,,Bold,,,,,,,,
,,,,Strong Jaw,,,,,No Guard,,,,,Fur Coat,,,,,"Speed Boost
Strong Jaw",,,,,Competitive,,,,,,,,
,,,,Focus Sash,,,,,Life Orb,,,,,Leftovers,,,,,Sharpedonite,,,,,Leftovers,,,,,,,,
,,,,Dragon Dance,,,,,Hurricane,,,,,Surf,,,,,Crunch,,,,,Calm Mind,,,,,,,,
,,,,Aqua Fang,,,,,Hydro Pump,,,,,Toxic,,,,,Ice Fang,,,,,Scald,,,,,,,,
,,,,Ice Fang,,,,,Ice Beam,,,,,Protect,,,,,Aqua Jet,,,,,Rest,,,,,,,,
,,,,Jaw Lock,,,,,-,,,,,Ice Beam,,,,,Aqua Fang,,,,,Sleep Talk,,,,,,,,
,,,,,,,,,,,,,,,,,,,,,,,,,,,,,,,,
,,,,BASE STATS,,,EVs,,BASE STATS,,,EVs,,BASE STATS,,,EVs,,BASE STATS,,,EVs,,BASE STATS,,,EVs,,,,,
,,,,HP,85,,6,,HP,75,,6,,HP,90,,252,,HP,70,,6,,HP,84,,252,,,,,
,,,,ATK,105,,252,,ATK,77,,,,ATK,80,,,,ATK,140,,252,,ATK,86,,,,,,,
,,,,DEF,100,,,,DEF,63,,,,DEF,90,,128,,DEF,70,,,,DEF,88,,252,,,,,
,,,,SPA,79,,,,SPA,97,,252,,SPA,95,,,,SPA,110,,,,SPA,111,,,,,,,
,,,,SPD,83,,,,SPD,63,,,,SPD,90,,128,,SPD,65,,,,SPD,101,,,,,,,
,,IF YOU'RE,,SPE,78,,252,,SPE,108,,252,,SPE,65,,4,,SPE,105,,252,,SPE,60,,,,,,,
,,LEVEL 85 ->>,,SPEED STAT:,,,233,,SPEED STAT:,,,288,,SPEED STAT:,,,139,,SPEED STAT:,,,286,,SPEED STAT:,,,131,,,,,
,,,,,,,,,,,,,,,,,,,1 S. BOOST:,,,429,,,,,,,,,,
,,,,,,,,,,,,,,,,,,,,,,,,,,,,,,,,
,,,,,,,,,,,,,,,,,,,,,,,,,,,,,,,,
,,,,,,,,,,,,,,,,,,,,,,,,,,,,,,,,
,,"VICTORY ROAD
ACE TRAINER
ALEXA",,Clefable,,,,,Wigglytuff,,,,,Chansey,,,,,Komala,,,,,Audino-Mega,,,,,,,,
,,,,83,,,,,83,,,,,83,,,,,83,,,,,84,,,,,,,,
,,,,,,,,,,,,,,,,,,,,,,,,,,,,,,,,
,,,,,,,,,,,,,,,,,,,,,,,,,,,,,,,,
,,,,Modest,,,,,Bashful,,,,,Bold,,,,,Adamant,,,,,Bold,,,,,,,,
,,,,Magic Guard,,,,,Competitive,,,,,Natural Cure,,,,,Comatose,,,,,Regenerator (Both),,,,,,,,
,,,,Life Orb,,,,,Life Orb,,,,,Eviolite,,,,,Choice Band,,,,,Audinite,,,,,,,,
,,,,Moonblast,,,,,Moonblast,,,,,Wish,,,,,Frustration,,,,,Moonblast,,,,,,,,
,,,,Fire Blast,,,,,Thunderbolt,,,,,Toxic,,,,,Knock Off,,,,,Wish,,,,,,,,
,,,,Thunderbolt,,,,,Flamethrower,,,,,Seismic Toss,,,,,U-Turn,,,,,Protect,,,,,,,,
,,,,Stealth Rock,,,,,Hyper Voice,,,,,Protect,,,,,Earthquake,,,,,Toxic,,,,,,,,
,,,,,,,,,,,,,,,,,,,,,,,,,,,,,,,,
,,,,BASE STATS,,,EVs,,BASE STATS,,,EVs,,BASE STATS,,,EVs,,BASE STATS,,,EVs,,BASE STATS,,,EVs,,,,,
,,,,HP,95,,252,,HP,140,,4,,HP,250,,252,,HP,75,,252,,HP,103,,252,,,,,
,,,,ATK,70,,,,ATK,70,,,,ATK,5,,,,ATK,115,,252,,ATK,60,,,,,,,
,,,,DEF,73,,,,DEF,45,,,,DEF,5,,252,,DEF,65,,,,DEF,126,,252,,,,,
,,,,SPA,95,,252,,SPA,85,,,,SPA,35,,,,SPA,75,,,,SPA,80,,,,,,,
,,,,SPD,90,,,,SPD,50,,,,SPD,105,,,,SPD,95,,,,SPD,126,,,,,,,
,,IF YOU'RE,,SPE,60,,6,,SPE,45,,40,,SPE,50,,,,SPE,65,,6,,SPE,50,,,,,,,
,,LEVEL 85 ->>,,SPEED STAT:,,,131,,SPEED STAT:,,,113,,SPEED STAT:,,,113,,SPEED STAT:,,,139,,SPEED STAT:,,,115,,,,,
,,,,,,,,,,,,,,,,,,,,,,,,,,,,,,,,
,,,,,,,,,,,,,,,,,,,,,,,,,,,,,,,,
,,,,,,,,,,,,,,,,,,,,,,,,,,,,,,,,
,,"INDIGO PLAT.
CREATOR
SOUPERCELL",,Gigalith,,,,,Shedinja,,,,,Shedinja,,,,,Shedinja,,,,,Shedinja,,,,,Shedinja,,,
,,,,250,,,,,250,,,,,250,,,,,250,,,,,250,,,,,250,,,
,,,,,,,,,,,,,,,,,,,,,,,,,,,,,,,,
,,,,,,,,,,,,,,,,,,,,,,,,,,,,,,,,
,,,,Timid,,,,,Modest,,,,,Modest,,,,,Modest,,,,,Modest,,,,,Modest,,,
,,,,Sand Stream,,,,,Wonder Guard,,,,,Wonder Guard,,,,,Wonder Guard,,,,,Wonder Guard,,,,,Wonder Guard,,,
,,,,Smooth Rock,,,,,Focus Sash,,,,,Focus Sash,,,,,Focus Sash,,,,,Focus Sash,,,,,Focus Sash,,,
,,,Bouncy Bubble,Explosion,,,,Bouncy Bubble,Supercell Slam,,,,Bouncy Bubble,Supercell Slam,,,,Bouncy Bubble,Supercell Slam,,,,,Supercell Slam,,,,,Supercell Slam,,,
,,,Thunder,-,,,,Thunder,-,,,,Thunder,-,,,,Thunder,-,,,,,-,,,,,-,,,
,,,Fake Out,-,,,,Fake Out,-,,,,Fake Out,-,,,,Fake Out,-,,,,,-,,,,,-,,,
,,,Electroweb,-,,,,Electroweb,-,,,,Electroweb,-,,,,Electroweb,-,,,,,-,,,,,-,,,
,,,,,,,,,,,,,,,,,,,,,,,,,,,,,,,,
,,,,BASE STATS,,,EVs,,BASE STATS,,,EVs,,BASE STATS,,,EVs,,BASE STATS,,,EVs,,BASE STATS,,,EVs,,BASE STATS,,,EVs
,,,,HP,85,,252,,HP,1,,,,HP,1,,,,HP,1,,,,HP,1,,,,HP,1,,
,,,,ATK,135,,252,,ATK,90,,252,,ATK,90,,252,,ATK,90,,252,,ATK,90,,252,,ATK,90,,252
,,,,DEF,130,,4,,DEF,45,,,,DEF,45,,,,DEF,45,,,,DEF,45,,,,DEF,45,,
,,,,SPA,60,,,,SPA,30,,,,SPA,30,,,,SPA,30,,,,SPA,30,,,,SPA,30,,
,,,,SPD,80,,,,SPD,30,,,,SPD,30,,,,SPD,30,,,,SPD,30,,,,SPD,30,,
,,IF YOU'RE,,SPE,25,,,,SPE,40,,252,,SPE,40,,252,,SPE,40,,252,,SPE,40,,252,,SPE,40,,252
,,LEVEL 85 ->>,,SPEED STAT:,,,72,,SPEED STAT:,,,163,,SPEED STAT:,,,163,,SPEED STAT:,,,163,,SPEED STAT:,,,163,,SPEED STAT:,,,163